timestamp,ax (m/s^2),ay (m/s^2),az (m/s^2),wx (deg/s),wy (deg/s),wz (deg/s),roll (deg),pitch (deg),yaw (deg)
2025-05-30 00:07:09.627,9.149218750000001,0.19619140625,3.5505859375,-0.244140625,-0.06103515625,0.42724609375,0.7965087890625,-68.7139892578125,-91.7303466796875
2025-05-30 00:07:09.950,9.173144531250001,0.19619140625,3.57451171875,-0.9765625,-0.48828125,0.0,0.4833984375,-68.90625,-91.7633056640625
2025-05-30 00:07:10.062,9.168359375000001,0.0861328125,3.52666015625,-0.18310546875,-0.79345703125,-0.30517578125,0.516357421875,-68.994140625,-91.95556640625
2025-05-30 00:07:10.272,9.1779296875,0.172265625,3.521875,0.244140625,-0.18310546875,-0.06103515625,0.4229736328125,-69.0655517578125,-91.988525390625
2025-05-30 00:07:10.392,9.173144531250001,0.12919921875,3.502734375,-0.732421875,0.06103515625,-0.244140625,0.4779052734375,-69.093017578125,-92.164306640625
2025-05-30 00:07:10.512,9.192285156250001,0.13876953125000002,3.502734375,-1.03759765625,0.18310546875,-0.6103515625,0.4779052734375,-69.0985107421875,-92.3291015625
2025-05-30 00:07:10.632,9.16357421875,0.1244140625,3.4835937500000003,0.732421875,0.0,-0.3662109375,0.6317138671875,-69.093017578125,-92.5982666015625
2025-05-30 00:07:10.752,9.1875,0.23447265625000002,3.5601562500000004,-1.03759765625,0.3662109375,-0.54931640625,0.736083984375,-69.0765380859375,-92.7630615234375
2025-05-30 00:07:10.872,9.168359375000001,0.13398437500000002,3.5123046875000004,-0.48828125,0.244140625,-0.91552734375,0.8953857421875,-69.0435791015625,-93.05419921875
2025-05-30 00:07:11.202,9.125292968750001,0.20576171875000002,3.5123046875000004,-0.244140625,0.18310546875,0.18310546875,0.9613037109375,-68.9447021484375,-93.2904052734375
2025-05-30 00:07:11.322,9.173144531250001,0.153125,3.54580078125,-0.6103515625,-0.67138671875,0.244140625,0.8624267578125,-68.9776611328125,-93.2794189453125
2025-05-30 00:07:11.442,9.173144531250001,0.12919921875,3.5410156250000004,0.48828125,-1.15966796875,0.3662109375,0.7855224609375,-69.071044921875,-93.2464599609375
2025-05-30 00:07:11.757,9.197070312500001,0.16748046875,3.49794921875,0.06103515625,-0.18310546875,-0.1220703125,0.8404541015625,-69.23583984375,-93.251953125
2025-05-30 00:07:11.967,9.1875,0.16748046875,3.4931640625000004,0.244140625,0.0,-0.1220703125,0.9283447265625,-69.3017578125,-93.350830078125
2025-05-30 00:07:12.087,9.168359375000001,0.19140625,3.4596679687500003,-0.42724609375,-0.30517578125,-0.30517578125,0.98876953125,-69.334716796875,-93.4332275390625
2025-05-30 00:07:12.207,9.20185546875,0.18183593750000002,3.47880859375,-0.18310546875,-0.732421875,-0.06103515625,1.065673828125,-69.4281005859375,-93.5650634765625
2025-05-30 00:07:12.417,9.206640625,0.2009765625,3.4213867187500004,-0.1220703125,-0.18310546875,-0.06103515625,1.087646484375,-69.5269775390625,-93.6309814453125
2025-05-30 00:07:12.522,9.206640625,0.20576171875000002,3.4213867187500004,-0.18310546875,-0.30517578125,-0.06103515625,1.1260986328125,-69.58740234375,-93.680419921875
2025-05-30 00:07:12.732,9.20185546875,0.19140625,3.4213867187500004,-0.6103515625,-0.48828125,0.0,1.12060546875,-69.6533203125,-93.7518310546875
2025-05-30 00:07:12.852,9.20185546875,0.19140625,3.40224609375,0.0,0.6103515625,0.0,1.087646484375,-69.6533203125,-93.768310546875
2025-05-30 00:07:12.972,9.22578125,0.18183593750000002,3.4357421875000003,-0.18310546875,0.48828125,0.0,1.087646484375,-69.609375,-93.7738037109375
2025-05-30 00:07:13.092,9.21142578125,0.16269531250000002,3.4644531250000004,-0.79345703125,0.91552734375,-0.3662109375,1.065673828125,-69.54345703125,-93.7847900390625
2025-05-30 00:07:13.212,9.1779296875,0.16748046875,3.4357421875000003,-0.6103515625,0.6103515625,0.0,1.03271484375,-69.4500732421875,-93.84521484375
2025-05-30 00:07:13.332,9.192285156250001,0.18662109375000002,3.4548828125,-0.42724609375,0.42724609375,0.0,0.9613037109375,-69.3731689453125,-93.8287353515625
2025-05-30 00:07:13.452,9.192285156250001,0.17705078125,3.4740234375,-1.0986328125,-0.1220703125,0.06103515625,0.87890625,-69.334716796875,-93.8507080078125
2025-05-30 00:07:13.587,9.18271484375,0.16269531250000002,3.4883789062500004,-0.67138671875,0.6103515625,0.42724609375,0.6866455078125,-69.3017578125,-93.7957763671875
2025-05-30 00:07:13.692,9.1779296875,0.1244140625,3.502734375,-1.220703125,0.244140625,0.30517578125,0.516357421875,-69.2742919921875,-93.724365234375
2025-05-30 00:07:13.812,9.1779296875,0.1435546875,3.4596679687500003,-0.3662109375,-0.1220703125,0.42724609375,0.252685546875,-69.2138671875,-93.5430908203125
2025-05-30 00:07:14.142,9.18271484375,0.1435546875,3.4692382812500004,0.79345703125,-0.67138671875,0.0,0.2142333984375,-69.400634765625,-93.44970703125
2025-05-30 00:07:14.277,9.197070312500001,0.13398437500000002,3.4883789062500004,0.42724609375,-1.5869140625,0.06103515625,0.3131103515625,-69.5489501953125,-93.4771728515625
2025-05-30 00:07:14.382,9.21142578125,0.153125,3.4692382812500004,0.0,-1.5869140625,0.3662109375,0.296630859375,-69.697265625,-93.4332275390625
2025-05-30 00:07:14.502,9.1875,0.11962890625000001,3.4357421875000003,-1.77001953125,-1.64794921875,0.8544921875,0.0274658203125,-69.8455810546875,-93.2684326171875
2025-05-30 00:07:14.622,9.192285156250001,0.02392578125,3.4931640625000004,-3.0517578125,0.0,3.5400390625,-0.98876953125,-69.9114990234375,-92.5323486328125
2025-05-30 00:07:14.757,9.173144531250001,-0.06220703125,3.3496093750000004,-3.173828125,1.953125,3.41796875,-2.5543212890625,-69.8016357421875,-91.329345703125
2025-05-30 00:07:14.862,9.23056640625,-0.19619140625,3.49794921875,-5.0048828125,-1.28173828125,5.7373046875,-4.295654296875,-69.686279296875,-89.9395751953125
2025-05-30 00:07:14.982,9.220996093750001,-0.32539062500000004,3.4883789062500004,-10.25390625,0.79345703125,4.39453125,-6.30615234375,-69.642333984375,-88.6376953125
2025-05-30 00:07:15.102,9.268847656250001,-0.47373046875,3.5649414062500004,-14.16015625,-7.14111328125,4.33349609375,-8.4320068359375,-69.6258544921875,-87.462158203125
2025-05-30 00:07:15.222,9.292773437500001,-0.66513671875,3.5553710937500003,-9.765625,-5.7373046875,2.0751953125,-10.206298828125,-69.8291015625,-86.5667724609375
2025-05-30 00:07:15.552,9.2736328125,-0.6507812500000001,3.49794921875,-8.7890625,-2.62451171875,-0.79345703125,-11.1346435546875,-70.2850341796875,-88.187255859375
2025-05-30 00:07:15.672,9.24970703125,-0.5598632812500001,3.14384765625,-9.33837890625,-1.77001953125,-3.662109375,-11.546630859375,-70.477294921875,-88.868408203125
2025-05-30 00:07:15.792,9.292773437500001,-0.57421875,3.0912109375,-3.173828125,-1.0986328125,-0.48828125,-11.88720703125,-70.6805419921875,-89.4012451171875
2025-05-30 00:07:15.912,9.22578125,-0.46416015625,3.0625,-1.953125,-0.732421875,-1.5869140625,-11.84326171875,-70.828857421875,-89.7418212890625
2025-05-30 00:07:16.032,9.3310546875,-0.6268554687500001,3.2060546875000004,-1.52587890625,0.0,-1.52587890625,-11.656494140625,-70.94970703125,-90.2197265625
2025-05-30 00:07:16.152,9.22578125,-0.50244140625,3.0625,-1.5869140625,-0.67138671875,-0.1220703125,-11.5740966796875,-71.0650634765625,-90.516357421875
2025-05-30 00:07:16.272,9.3501953125,-0.54072265625,3.1582031250000004,-1.0986328125,-2.25830078125,-0.732421875,-11.6015625,-71.2353515625,-90.6536865234375
2025-05-30 00:07:16.392,9.27841796875,-0.46894531250000004,3.0337890625000004,1.15966796875,0.244140625,1.03759765625,-11.5740966796875,-71.2957763671875,-90.5548095703125
2025-05-30 00:07:16.512,9.30712890625,-0.516796875,3.0768554687500003,-0.9765625,-1.0986328125,0.42724609375,-11.8487548828125,-71.43310546875,-90.32958984375
2025-05-30 00:07:16.632,9.283203125,-0.6268554687500001,3.0816406250000004,-2.38037109375,-2.197265625,-0.06103515625,-12.205810546875,-71.553955078125,-90.19775390625
2025-05-30 00:07:16.962,9.359765625000001,-1.0623046875000002,3.0625,-5.92041015625,0.67138671875,-3.47900390625,-14.04052734375,-72.53173828125,-89.1815185546875
2025-05-30 00:07:17.082,9.7138671875,-0.708203125,2.7275390625,-5.55419921875,-8.48388671875,-4.638671875,-15.545654296875,-72.0208740234375,-87.5994873046875
2025-05-30 00:07:17.202,9.206640625,-0.3541015625,2.5169921875,0.3662109375,1.89208984375,0.67138671875,-16.5838623046875,-72.191162109375,-86.1932373046875
2025-05-30 00:07:17.337,9.407617187500001,-0.8469726562500001,2.8232421875,0.3662109375,1.708984375,4.08935546875,-16.666259765625,-72.652587890625,-86.4898681640625
2025-05-30 00:07:17.442,9.3310546875,-1.02880859375,2.87109375,4.2724609375,0.91552734375,-0.54931640625,-16.8145751953125,-72.6800537109375,-86.5283203125
2025-05-30 00:07:17.562,9.364550781250001,-0.6268554687500001,2.6796875,11.3525390625,0.54931640625,6.4697265625,-17.5286865234375,-72.39990234375,-85.10009765625
2025-05-30 00:07:17.682,9.4171875,-0.6077148437500001,2.99072265625,10.8642578125,-7.568359375,4.82177734375,-17.8033447265625,-72.6416015625,-82.803955078125
2025-05-30 00:07:17.817,9.340625000000001,-0.8708984375000001,2.60791015625,-5.92041015625,1.89208984375,-2.9296875,-17.545166015625,-72.586669921875,-83.199462890625
2025-05-30 00:07:17.922,9.398046875,-0.7943359375000001,2.8232421875,-2.38037109375,0.54931640625,0.3662109375,-18.2537841796875,-72.7679443359375,-82.72705078125
2025-05-30 00:07:18.042,9.359765625000001,-0.8469726562500001,2.7897460937500003,-2.5634765625,-0.244140625,0.30517578125,-18.446044921875,-72.8009033203125,-82.9193115234375
2025-05-30 00:07:18.372,9.39326171875,-0.85654296875,2.7658203125000003,-2.25830078125,-1.0986328125,-0.67138671875,-18.7481689453125,-72.9766845703125,-83.221435546875
2025-05-30 00:07:18.492,9.37412109375,-0.8852539062500001,2.71318359375,-1.03759765625,-0.30517578125,-0.91552734375,-18.9019775390625,-73.0755615234375,-83.3203125
2025-05-30 00:07:18.612,9.42197265625,-0.87568359375,2.6988281250000004,-1.89208984375,-0.244140625,-1.77001953125,-19.039306640625,-73.14697265625,-83.38623046875
2025-05-30 00:07:18.732,9.37890625,-0.8134765625000001,2.6940429687500003,-1.953125,0.30517578125,-2.50244140625,-19.2425537109375,-73.2293701171875,-83.265380859375
2025-05-30 00:07:19.002,9.40283203125,-0.85654296875,2.68447265625,-0.1220703125,0.6103515625,0.0,-19.193115234375,-73.399658203125,-83.7158203125
2025-05-30 00:07:19.227,9.388476562500001,-0.85654296875,2.6988281250000004,-0.48828125,0.42724609375,-0.18310546875,-19.22607421875,-73.388671875,-83.8751220703125
2025-05-30 00:07:19.332,9.407617187500001,-0.8852539062500001,2.70361328125,0.6103515625,0.244140625,-0.1220703125,-19.302978515625,-73.36669921875,-83.84765625
2025-05-30 00:07:19.452,9.388476562500001,-0.8421875000000001,2.65576171875,0.06103515625,-0.1220703125,-0.6103515625,-19.5556640625,-73.333740234375,-83.6334228515625
2025-05-30 00:07:19.572,9.407617187500001,-0.9139648437500001,2.6701171875000003,0.9765625,0.18310546875,-0.6103515625,-19.53369140625,-73.36669921875,-83.6114501953125
2025-05-30 00:07:19.902,9.388476562500001,-0.8948242187500001,2.6749023437500004,1.46484375,-0.18310546875,1.52587890625,-20.1544189453125,-73.3502197265625,-82.6336669921875
2025-05-30 00:07:20.022,9.398046875,-0.9283203125,2.65576171875,0.244140625,0.1220703125,0.79345703125,-20.379638671875,-73.32275390625,-82.3699951171875
2025-05-30 00:07:20.142,9.398046875,-0.95224609375,2.66533203125,0.67138671875,0.67138671875,-0.244140625,-20.489501953125,-73.289794921875,-82.1942138671875
2025-05-30 00:07:20.262,9.383691406250001,-0.9331054687500001,2.70361328125,0.54931640625,0.30517578125,-0.06103515625,-20.665283203125,-73.289794921875,-81.925048828125
2025-05-30 00:07:20.382,9.388476562500001,-0.9331054687500001,2.6796875,0.0,0.30517578125,-0.3662109375,-20.8135986328125,-73.267822265625,-81.749267578125
2025-05-30 00:07:20.502,9.383691406250001,-0.9474609375,2.68447265625,0.67138671875,-0.18310546875,0.30517578125,-20.8740234375,-73.27880859375,-81.6888427734375
2025-05-30 00:07:20.622,9.412402343750001,-0.9474609375,2.660546875,0.18310546875,-0.1220703125,1.03759765625,-20.9564208984375,-73.2843017578125,-81.6448974609375
2025-05-30 00:07:20.742,9.40283203125,-0.9378906250000001,2.6892578125,0.0,-0.6103515625,1.3427734375,-20.7257080078125,-73.2733154296875,-81.8206787109375
2025-05-30 00:07:20.862,9.407617187500001,-0.97138671875,2.7083984375,0.8544921875,0.8544921875,0.0,-20.8026123046875,-73.27880859375,-81.749267578125
2025-05-30 00:07:20.982,9.39326171875,-0.9426757812500001,2.68447265625,0.8544921875,0.9765625,-1.28173828125,-20.8575439453125,-73.2183837890625,-81.6888427734375
2025-05-30 00:07:21.312,9.359765625000001,-0.9666015625000001,2.7083984375,1.0986328125,0.3662109375,0.244140625,-20.7147216796875,-73.01513671875,-81.9195556640625
2025-05-30 00:07:21.432,9.39326171875,-0.9091796875000001,2.6892578125,-2.685546875,-0.1220703125,-0.3662109375,-21.0113525390625,-73.004150390625,-81.6448974609375
2025-05-30 00:07:21.552,9.3693359375,-0.9091796875000001,2.70361328125,-1.40380859375,0.1220703125,-0.1220703125,-21.02783203125,-73.004150390625,-81.71630859375
2025-05-30 00:07:21.672,9.40283203125,-0.9570312500000001,2.7418945312500003,0.67138671875,0.48828125,0.06103515625,-21.016845703125,-73.01513671875,-81.7987060546875
2025-05-30 00:07:21.792,9.383691406250001,-0.95224609375,2.70361328125,-1.40380859375,0.244140625,-0.48828125,-21.060791015625,-72.982177734375,-81.859130859375
2025-05-30 00:07:21.912,9.383691406250001,-0.9570312500000001,2.7227539062500004,-0.732421875,0.06103515625,0.0,-21.0443115234375,-72.960205078125,-81.9195556640625
2025-05-30 00:07:22.032,9.37412109375,-0.9331054687500001,2.73232421875,0.06103515625,-0.06103515625,0.48828125,-21.181640625,-72.9437255859375,-81.7822265625
2025-05-30 00:07:22.152,9.37412109375,-0.9283203125,2.7083984375,-0.9765625,-0.30517578125,0.9765625,-21.2750244140625,-72.9107666015625,-81.7218017578125
2025-05-30 00:07:22.287,9.359765625000001,-0.9570312500000001,2.7418945312500003,0.42724609375,-0.1220703125,0.1220703125,-21.3134765625,-72.92724609375,-81.6668701171875
2025-05-30 00:07:22.392,9.37890625,-1.0000976562500001,2.7227539062500004,0.48828125,0.244140625,-0.1220703125,-21.3079833984375,-72.938232421875,-81.6943359375
2025-05-30 00:07:22.722,9.383691406250001,-0.9426757812500001,2.6988281250000004,2.9296875,-0.79345703125,2.25830078125,-21.4947509765625,-73.0206298828125,-81.463623046875
2025-05-30 00:07:22.842,9.383691406250001,-0.9331054687500001,2.7179687500000003,-0.6103515625,-0.1220703125,-0.244140625,-21.588134765625,-73.0426025390625,-81.2109375
2025-05-30 00:07:22.962,9.40283203125,-1.0000976562500001,2.7227539062500004,-0.54931640625,-0.732421875,1.28173828125,-21.4727783203125,-73.070068359375,-81.3812255859375
2025-05-30 00:07:23.082,9.383691406250001,-0.9905273437500001,2.65576171875,0.8544921875,-0.3662109375,0.30517578125,-21.6815185546875,-73.070068359375,-81.2603759765625
2025-05-30 00:07:23.217,9.39326171875,-0.9953125,2.6940429687500003,0.6103515625,0.30517578125,0.48828125,-21.6815185546875,-73.092041015625,-81.177978515625
2025-05-30 00:07:23.322,9.39326171875,-0.9618164062500001,2.6940429687500003,-0.9765625,0.1220703125,-0.6103515625,-21.7529296875,-73.0810546875,-81.05712890625
2025-05-30 00:07:23.442,9.388476562500001,-1.0048828125,2.6988281250000004,-0.42724609375,0.244140625,-0.6103515625,-21.7474365234375,-73.092041015625,-81.134033203125
2025-05-30 00:07:23.562,9.39326171875,-1.00966796875,2.6892578125,0.54931640625,0.18310546875,-0.1220703125,-21.86279296875,-73.0755615234375,-81.0296630859375
2025-05-30 00:07:23.682,9.37412109375,-0.9953125,2.68447265625,0.67138671875,0.54931640625,-0.732421875,-21.8682861328125,-73.048095703125,-80.958251953125
2025-05-30 00:07:23.802,9.364550781250001,-0.9426757812500001,2.7227539062500004,-0.6103515625,0.0,-0.67138671875,-22.0001220703125,-73.05908203125,-80.760498046875
2025-05-30 00:07:24.132,9.412402343750001,-1.00966796875,2.7083984375,0.732421875,-0.1220703125,-0.06103515625,-21.95068359375,-73.1304931640625,-80.9033203125
2025-05-30 00:07:24.342,9.40283203125,-0.9809570312500001,2.6940429687500003,-0.8544921875,0.0,-0.06103515625,-21.97265625,-73.1524658203125,-80.9967041015625
2025-05-30 00:07:24.447,9.388476562500001,-1.02880859375,2.68447265625,0.244140625,0.1220703125,-0.06103515625,-21.8902587890625,-73.157958984375,-81.1944580078125
2025-05-30 00:07:24.567,9.383691406250001,-1.00966796875,2.6892578125,0.54931640625,-0.06103515625,-0.1220703125,-21.917724609375,-73.1634521484375,-81.1724853515625
2025-05-30 00:07:24.897,9.3693359375,-0.97138671875,2.6749023437500004,-1.15966796875,0.0,-0.732421875,-22.1868896484375,-73.2293701171875,-80.9637451171875
2025-05-30 00:07:25.017,9.398046875,-0.9570312500000001,2.6701171875000003,0.67138671875,-0.3662109375,1.3427734375,-22.21435546875,-73.23486328125,-80.936279296875
2025-05-30 00:07:25.137,9.39326171875,-0.92353515625,2.64140625,0.3662109375,-0.91552734375,1.77001953125,-22.2967529296875,-73.212890625,-80.804443359375
2025-05-30 00:07:25.257,9.398046875,-0.9857421875000001,2.64140625,-0.67138671875,0.0,1.220703125,-22.2967529296875,-73.212890625,-80.8209228515625
2025-05-30 00:07:25.377,9.388476562500001,-1.0048828125,2.6749023437500004,0.3662109375,-0.1220703125,0.6103515625,-22.39013671875,-73.2073974609375,-80.70556640625
2025-05-30 00:07:25.482,9.383691406250001,-1.0240234375000001,2.66533203125,1.40380859375,0.18310546875,0.06103515625,-22.4066162109375,-73.212890625,-80.6396484375
2025-05-30 00:07:25.692,9.407617187500001,-1.0144531250000002,2.6509765625000004,-0.18310546875,0.18310546875,0.1220703125,-22.5494384765625,-73.2073974609375,-80.35400390625
2025-05-30 00:07:25.902,9.398046875,-1.0144531250000002,2.65576171875,0.1220703125,-0.30517578125,0.1220703125,-22.6593017578125,-73.2568359375,-80.2276611328125
2025-05-30 00:07:26.022,9.398046875,-0.9857421875000001,2.6222656250000003,0.42724609375,-0.42724609375,1.03759765625,-22.78564453125,-73.245849609375,-80.079345703125
2025-05-30 00:07:26.142,9.398046875,-1.01923828125,2.6509765625000004,-0.244140625,-0.244140625,0.91552734375,-22.78564453125,-73.289794921875,-80.0958251953125
2025-05-30 00:07:26.262,9.412402343750001,-1.00966796875,2.6318359375,-0.18310546875,-0.1220703125,0.48828125,-22.840576171875,-73.2843017578125,-80.0738525390625
2025-05-30 00:07:26.382,9.388476562500001,-1.0383789062500002,2.6270507812500004,-0.06103515625,0.3662109375,-0.54931640625,-22.7691650390625,-73.2733154296875,-80.13427734375
2025-05-30 00:07:26.517,9.388476562500001,-1.02880859375,2.6701171875000003,0.244140625,0.3662109375,-0.30517578125,-22.8076171875,-73.2623291015625,-80.0408935546875
2025-05-30 00:07:26.622,9.40283203125,-1.0048828125,2.6270507812500004,0.18310546875,-0.42724609375,0.9765625,-22.8515625,-73.23486328125,-80.068359375
2025-05-30 00:07:26.742,9.388476562500001,-1.03359375,2.6270507812500004,-0.06103515625,-0.244140625,0.54931640625,-22.82958984375,-73.2568359375,-80.1397705078125
2025-05-30 00:07:26.862,9.398046875,-0.9953125,2.6461914062500003,-0.732421875,0.6103515625,-0.42724609375,-22.8955078125,-73.2623291015625,-80.0738525390625
2025-05-30 00:07:27.072,9.40283203125,-1.01923828125,2.6318359375,-0.8544921875,0.1220703125,0.18310546875,-22.7197265625,-73.311767578125,-80.4693603515625
2025-05-30 00:07:27.192,9.40283203125,-1.0000976562500001,2.6461914062500003,-0.244140625,0.1220703125,0.0,-22.67578125,-73.311767578125,-80.57373046875
2025-05-30 00:07:27.312,9.388476562500001,-0.9953125,2.64140625,-0.42724609375,0.1220703125,0.30517578125,-22.598876953125,-73.30078125,-80.7220458984375
2025-05-30 00:07:27.432,9.37890625,-0.9905273437500001,2.6509765625000004,-0.06103515625,0.42724609375,1.64794921875,-22.5274658203125,-73.289794921875,-80.870361328125
2025-05-30 00:07:27.567,9.670800781250001,-0.9091796875000001,2.12939453125,5.4931640625,-1.3427734375,-2.9296875,-22.1539306640625,-73.3612060546875,-81.221923828125
2025-05-30 00:07:27.672,9.6564453125,-0.6747070312500001,2.201171875,4.69970703125,-9.1552734375,-4.21142578125,-22.3187255859375,-74.46533203125,-80.2276611328125
2025-05-30 00:07:27.792,9.7138671875,-0.7512695312500001,1.87099609375,6.2255859375,-5.06591796875,-17.39501953125,-18.4515380859375,-75.56396484375,-84.3585205078125
2025-05-30 00:07:27.912,9.25927734375,-0.0861328125,2.9859375000000004,50.78125,-15.19775390625,5.126953125,-13.1231689453125,-77.3602294921875,-85.550537109375
2025-05-30 00:07:28.032,9.149218750000001,-0.06699218750000001,2.3830078125000003,51.81884765625,18.49365234375,-17.76123046875,-0.296630859375,-74.20166015625,-94.306640625
2025-05-30 00:07:28.152,9.034375,0.16748046875,3.25869140625,-6.7138671875,24.658203125,-6.103515625,5.1361083984375,-70.982666015625,-97.1026611328125
2025-05-30 00:07:28.482,9.091796875,0.5120117187500001,3.3974609375000004,1.89208984375,-4.08935546875,1.5869140625,5.82275390625,-70.1092529296875,-98.448486328125
2025-05-30 00:07:28.617,9.22578125,0.43066406250000006,3.2921875000000003,-0.6103515625,-2.8076171875,1.953125,5.3887939453125,-70.5047607421875,-97.9595947265625
2025-05-30 00:07:28.722,9.321484375,0.3923828125,3.14384765625,2.44140625,-2.62451171875,2.5634765625,4.8944091796875,-70.8563232421875,-97.3004150390625
2025-05-30 00:07:28.842,9.364550781250001,0.40673828125000006,3.2012695312500004,0.0,-2.8076171875,1.03759765625,4.6527099609375,-71.180419921875,-96.8609619140625
2025-05-30 00:07:28.962,9.27841796875,0.31582031250000003,3.1534179687500004,1.46484375,-2.3193359375,0.6103515625,4.5867919921875,-71.4056396484375,-96.70166015625
2025-05-30 00:07:29.082,9.321484375,0.47373046875,3.1342773437500004,0.42724609375,-1.0986328125,1.0986328125,4.4384765625,-71.56494140625,-96.3116455078125
2025-05-30 00:07:29.397,9.264062500000001,0.3923828125,3.03857421875,0.0,0.48828125,0.244140625,4.3450927734375,-71.6583251953125,-96.1688232421875
2025-05-30 00:07:29.607,9.30712890625,0.2966796875,3.01943359375,-0.79345703125,0.54931640625,-0.1220703125,4.24072265625,-71.510009765625,-96.21826171875
2025-05-30 00:07:29.727,9.287988281250001,0.40673828125000006,3.1821289062500004,-0.8544921875,-0.18310546875,-0.06103515625,4.185791015625,-71.4715576171875,-96.207275390625
2025-05-30 00:07:29.847,9.292773437500001,0.33017578125,3.1390625,-0.54931640625,0.1220703125,0.06103515625,4.1802978515625,-71.43310546875,-96.295166015625
2025-05-30 00:07:29.967,9.311914062500001,0.34931640625000004,3.1055664062500004,-1.64794921875,0.54931640625,-0.6103515625,4.0484619140625,-71.34521484375,-96.26220703125
2025-05-30 00:07:30.087,9.25927734375,0.33974609375000003,3.1390625,-0.42724609375,0.0,0.0,4.097900390625,-71.2957763671875,-96.416015625
2025-05-30 00:07:30.207,9.29755859375,0.3923828125,3.19169921875,-1.46484375,-1.03759765625,0.42724609375,3.93310546875,-71.34521484375,-96.328125
2025-05-30 00:07:30.327,9.30712890625,0.30625,3.0864257812500004,-0.1220703125,-1.46484375,-0.06103515625,3.955078125,-71.4935302734375,-96.3995361328125
2025-05-30 00:07:30.672,9.340625000000001,0.3349609375,3.04814453125,0.42724609375,-1.15966796875,0.06103515625,4.1363525390625,-71.883544921875,-96.5972900390625
2025-05-30 00:07:30.777,9.3501953125,0.3828125,3.0529296875000003,-0.18310546875,-0.67138671875,-0.06103515625,4.2022705078125,-71.9879150390625,-96.646728515625
2025-05-30 00:07:30.897,9.335839843750001,0.32060546875,2.99072265625,-0.54931640625,-0.3662109375,0.0,4.24072265625,-72.0428466796875,-96.6741943359375
2025-05-30 00:07:31.017,9.37890625,0.35888671875,3.04814453125,-0.244140625,0.0,0.0,4.21875,-72.081298828125,-96.690673828125
2025-05-30 00:07:31.137,9.32626953125,0.31582031250000003,2.9811523437500003,-0.18310546875,0.244140625,0.0,4.2132568359375,-72.103271484375,-96.712646484375
2025-05-30 00:07:31.257,9.3501953125,0.3541015625,3.0146484375,0.244140625,0.0,0.0,4.251708984375,-72.1142578125,-96.7291259765625
2025-05-30 00:07:31.572,9.3501953125,0.32060546875,3.0098632812500004,-0.30517578125,0.48828125,0.0,4.28466796875,-72.0758056640625,-96.7401123046875
2025-05-30 00:07:31.782,9.3310546875,0.31582031250000003,2.99072265625,0.48828125,0.0,0.0,4.273681640625,-72.0428466796875,-96.74560546875
2025-05-30 00:07:31.902,9.364550781250001,0.36845703125,3.0337890625000004,-0.06103515625,0.42724609375,0.30517578125,4.24072265625,-72.0263671875,-96.6851806640625
2025-05-30 00:07:32.022,9.335839843750001,0.28232421875,3.0337890625000004,-0.67138671875,0.42724609375,0.1220703125,4.1253662109375,-71.9879150390625,-96.6302490234375
2025-05-30 00:07:32.142,9.34541015625,0.33017578125,3.0720703125,-0.30517578125,0.91552734375,0.6103515625,3.93310546875,-71.9000244140625,-96.50390625
2025-05-30 00:07:32.262,9.340625000000001,0.32060546875,3.06728515625,-0.8544921875,0.48828125,0.18310546875,3.7353515625,-71.795654296875,-96.3665771484375
2025-05-30 00:07:32.382,9.321484375,0.27753906250000004,3.0625,-0.6103515625,0.8544921875,0.244140625,3.5595703125,-71.729736328125,-96.3116455078125
2025-05-30 00:07:32.712,9.316699218750001,0.27753906250000004,3.1007812500000003,-0.30517578125,0.67138671875,0.0,3.3782958984375,-71.5704345703125,-96.328125
2025-05-30 00:07:33.027,9.335839843750001,0.26796875000000003,3.1486328125000003,0.3662109375,-0.244140625,0.18310546875,3.350830078125,-71.5704345703125,-96.295166015625
2025-05-30 00:07:33.147,9.311914062500001,0.287109375,3.1007812500000003,0.3662109375,-0.30517578125,0.1220703125,3.328857421875,-71.5704345703125,-96.1962890625
2025-05-30 00:07:33.252,9.29755859375,0.27753906250000004,3.1342773437500004,-0.79345703125,-0.06103515625,0.0,3.3123779296875,-71.5814208984375,-96.185302734375
2025-05-30 00:07:33.477,9.321484375,0.30625,3.1055664062500004,0.30517578125,0.6103515625,0.1220703125,3.14208984375,-71.5045166015625,-96.0150146484375
2025-05-30 00:07:33.597,9.321484375,0.2583984375,3.14384765625,-0.42724609375,0.9765625,0.18310546875,3.076171875,-71.4111328125,-95.943603515625
2025-05-30 00:07:33.717,9.2736328125,0.30146484375000004,3.1486328125000003,0.0,1.0986328125,0.3662109375,2.9718017578125,-71.334228515625,-95.8392333984375
2025-05-30 00:07:33.837,9.30712890625,0.287109375,3.2060546875000004,0.06103515625,0.8544921875,0.30517578125,2.8948974609375,-71.2628173828125,-95.7403564453125
2025-05-30 00:07:33.957,9.292773437500001,0.24404296875,3.1725585937500003,-0.06103515625,0.244140625,0.3662109375,2.7685546875,-71.1968994140625,-95.614013671875
2025-05-30 00:07:34.392,9.27841796875,0.248828125,3.119921875,-0.1220703125,0.54931640625,-0.18310546875,2.779541015625,-71.2188720703125,-95.679931640625
2025-05-30 00:07:34.602,9.240136718750001,0.25361328125000004,3.0912109375,-1.0986328125,-0.42724609375,-0.54931640625,2.9058837890625,-71.2628173828125,-95.888671875
2025-05-30 00:07:34.722,9.3310546875,0.2966796875,3.1773437500000004,-0.79345703125,-0.732421875,-0.3662109375,2.9608154296875,-71.3287353515625,-96.0260009765625
2025-05-30 00:07:34.842,9.316699218750001,0.28232421875,3.1773437500000004,-1.46484375,-0.1220703125,-0.1220703125,2.96630859375,-71.356201171875,-96.1248779296875
2025-05-30 00:07:34.962,9.316699218750001,0.26318359375,3.11513671875,-1.46484375,0.48828125,0.54931640625,2.7740478515625,-71.3726806640625,-96.0699462890625
2025-05-30 00:07:35.277,9.2736328125,0.21054687500000002,3.1342773437500004,-0.3662109375,0.67138671875,0.3662109375,1.8182373046875,-71.224365234375,-95.328369140625
2025-05-30 00:07:35.487,9.27841796875,0.18183593750000002,3.1773437500000004,-0.1220703125,0.18310546875,0.30517578125,1.6534423828125,-71.1419677734375,-95.2020263671875
2025-05-30 00:07:35.607,9.292773437500001,0.19140625,3.19169921875,0.732421875,0.8544921875,0.9765625,1.4227294921875,-71.0430908203125,-94.8504638671875
2025-05-30 00:07:35.727,9.27841796875,0.153125,3.234765625,-0.06103515625,0.244140625,0.67138671875,1.1865234375,-70.9442138671875,-94.5318603515625
2025-05-30 00:07:35.847,9.283203125,0.13876953125000002,3.2682617187500003,0.18310546875,1.220703125,1.220703125,0.8514404296875,-70.83984375,-94.1748046875
2025-05-30 00:07:36.162,9.244921875000001,0.0861328125,3.2969726562500004,-0.42724609375,0.732421875,1.03759765625,-0.120849609375,-70.5047607421875,-93.3563232421875
2025-05-30 00:07:36.372,9.2353515625,0.095703125,3.3208984375000004,-0.91552734375,0.79345703125,0.54931640625,-0.670166015625,-70.3399658203125,-92.8729248046875
2025-05-30 00:07:36.492,9.2353515625,0.033496093750000004,3.28740234375,-0.8544921875,0.42724609375,0.06103515625,-0.845947265625,-70.33447265625,-92.7960205078125
2025-05-30 00:07:36.807,9.24970703125,0.16748046875,3.3448242187500004,0.91552734375,-0.06103515625,-0.3662109375,-0.6866455078125,-70.55419921875,-92.6971435546875
2025-05-30 00:07:36.927,9.283203125,0.0478515625,3.30654296875,-3.7841796875,-1.52587890625,-0.8544921875,-0.4779052734375,-70.5926513671875,-93.1036376953125
2025-05-30 00:07:37.137,9.25927734375,0.0,3.234765625,-0.67138671875,-1.89208984375,-0.48828125,-0.867919921875,-70.8123779296875,-93.240966796875
2025-05-30 00:07:37.257,9.268847656250001,0.06220703125,3.234765625,-0.06103515625,-2.62451171875,-0.48828125,-0.7745361328125,-70.99365234375,-93.427734375
2025-05-30 00:07:37.377,9.35498046875,0.10048828125,3.2204101562500003,-0.06103515625,-2.8076171875,-0.244140625,-0.5877685546875,-71.2518310546875,-93.592529296875
2025-05-30 00:07:37.512,9.311914062500001,-0.09091796875000001,3.1103515625000004,-0.42724609375,-1.220703125,0.0,-0.670166015625,-71.4825439453125,-93.5760498046875
2025-05-30 00:07:37.617,9.292773437500001,0.019140625,3.0290039062500003,0.91552734375,-1.953125,0.42724609375,-0.7305908203125,-71.7022705078125,-93.4332275390625
2025-05-30 00:07:37.827,9.359765625000001,0.11962890625000001,3.00029296875,0.06103515625,-0.9765625,0.3662109375,-0.85693359375,-72.0208740234375,-93.021240234375
2025-05-30 00:07:37.947,9.316699218750001,-0.033496093750000004,2.9955078125,-2.197265625,-0.91552734375,0.42724609375,-1.12060546875,-72.1307373046875,-92.8729248046875
2025-05-30 00:07:38.052,9.3310546875,-0.014355468750000001,3.04814453125,1.40380859375,-1.708984375,1.15966796875,-1.318359375,-72.2296142578125,-92.6751708984375
2025-05-30 00:07:38.277,9.44111328125,-0.028710937500000002,2.9141601562500004,0.79345703125,-0.732421875,0.9765625,-1.77978515625,-72.57568359375,-91.9171142578125
2025-05-30 00:07:38.382,9.3310546875,-0.028710937500000002,2.8806640625,-0.18310546875,-0.42724609375,0.6103515625,-2.098388671875,-72.6361083984375,-91.593017578125
2025-05-30 00:07:38.592,9.364550781250001,-0.057421875000000004,2.94765625,-1.40380859375,-0.67138671875,0.0,-2.2247314453125,-72.740478515625,-91.51611328125
2025-05-30 00:07:38.714,9.388476562500001,-0.0095703125,2.8806640625,-0.06103515625,-0.732421875,0.06103515625,-2.318115234375,-72.8448486328125,-91.505126953125
2025-05-30 00:07:38.832,9.39326171875,-0.0765625,2.8375976562500003,0.18310546875,-0.18310546875,0.06103515625,-2.362060546875,-72.9052734375,-91.5106201171875
2025-05-30 00:07:38.967,9.412402343750001,-0.028710937500000002,2.92373046875,0.18310546875,1.03759765625,0.42724609375,-2.39501953125,-72.894287109375,-91.3897705078125
2025-05-30 00:07:39.072,9.37412109375,-0.02392578125,2.928515625,-0.30517578125,0.67138671875,0.6103515625,-2.6202392578125,-72.8173828125,-91.175537109375
2025-05-30 00:07:39.192,9.37890625,-0.0861328125,2.90458984375,-0.3662109375,0.30517578125,0.54931640625,-2.83447265625,-72.7899169921875,-90.9832763671875
2025-05-30 00:07:39.312,9.37890625,-0.0765625,2.87109375,-0.1220703125,1.28173828125,0.79345703125,-3.131103515625,-72.740478515625,-90.68115234375
2025-05-30 00:07:39.432,9.364550781250001,-0.07177734375,2.9093750000000003,-0.1220703125,0.0,0.48828125,-3.394775390625,-72.696533203125,-90.4010009765625
2025-05-30 00:07:39.672,9.340625000000001,-0.08134765625000001,2.90458984375,-0.18310546875,0.3662109375,0.42724609375,-3.6749267578125,-72.685546875,-90.1318359375
2025-05-30 00:07:40.002,9.364550781250001,-0.12919921875,2.9763671875,0.18310546875,-0.1220703125,0.244140625,-3.8836669921875,-72.70751953125,-89.9560546875
2025-05-30 00:07:40.122,9.37412109375,-0.10048828125,2.94287109375,-0.42724609375,0.0,0.0,-3.9825439453125,-72.718505859375,-89.835205078125
2025-05-30 00:07:40.257,9.3693359375,-0.11962890625000001,2.89501953125,-0.67138671875,-0.6103515625,-0.1220703125,-4.0045166015625,-72.762451171875,-89.8626708984375
2025-05-30 00:07:40.362,9.37890625,-0.12919921875,2.9333007812500003,0.0,0.18310546875,0.1220703125,-4.04296875,-72.8009033203125,-89.8626708984375
2025-05-30 00:07:40.482,9.37412109375,-0.12919921875,2.94287109375,-0.244140625,-0.244140625,0.18310546875,-4.119873046875,-72.8118896484375,-89.7857666015625
2025-05-30 00:07:40.602,9.388476562500001,-0.14833984375,2.89501953125,-0.9765625,0.6103515625,-0.244140625,-4.24072265625,-72.8173828125,-89.747314453125
2025-05-30 00:07:40.722,9.3693359375,-0.1435546875,2.89501953125,-1.708984375,0.3662109375,-0.1220703125,-4.2791748046875,-72.7679443359375,-89.835205078125
2025-05-30 00:07:40.842,9.364550781250001,-0.11962890625000001,2.8663085937500004,-1.03759765625,-0.42724609375,-1.03759765625,-4.37255859375,-72.7294921875,-89.9285888671875
2025-05-30 00:07:40.962,9.383691406250001,-0.1435546875,2.9141601562500004,-0.8544921875,-0.06103515625,-1.89208984375,-3.9495849609375,-72.75146484375,-90.50537109375
2025-05-30 00:07:41.082,9.35498046875,-0.08134765625000001,2.89501953125,0.0,-0.54931640625,-2.50244140625,-3.1695556640625,-72.79541015625,-91.4337158203125
2025-05-30 00:07:41.202,9.3693359375,0.0,2.928515625,0.79345703125,-0.54931640625,-1.953125,-2.296142578125,-72.8778076171875,-92.3675537109375
2025-05-30 00:07:41.412,9.398046875,0.095703125,2.80888671875,0.9765625,-2.685546875,-0.42724609375,-1.142578125,-73.27880859375,-93.4112548828125
2025-05-30 00:07:41.547,9.30234375,0.014355468750000001,2.8375976562500003,0.42724609375,-6.103515625,-2.0751953125,-0.3900146484375,-73.8226318359375,-94.1143798828125
2025-05-30 00:07:41.652,9.4650390625,0.13876953125000002,2.66533203125,-4.08935546875,-5.55419921875,0.0,-0.252685546875,-74.4818115234375,-94.4549560546875
2025-05-30 00:07:41.772,9.503320312500001,0.11962890625000001,2.4021484375,-0.67138671875,-5.92041015625,-0.732421875,-0.02197265625,-75.0531005859375,-94.8834228515625
2025-05-30 00:07:41.892,9.5224609375,0.1244140625,2.4787109375000003,-2.13623046875,-7.50732421875,-1.5869140625,0.494384765625,-75.8056640625,-95.4931640625
2025-05-30 00:07:42.012,9.512890625,0.09091796875000001,2.33037109375,-2.01416015625,-6.9580078125,-0.54931640625,0.9228515625,-76.6131591796875,-96.141357421875
2025-05-30 00:07:42.132,9.589453125,0.153125,2.0193359375,-2.01416015625,-6.28662109375,0.6103515625,0.81298828125,-77.4371337890625,-96.2841796875
2025-05-30 00:07:42.252,9.646875000000001,0.11484375000000001,1.9571289062500001,-2.9296875,-10.009765625,0.67138671875,0.7635498046875,-78.4039306640625,-96.39404296875
2025-05-30 00:07:42.372,9.599023437500001,0.095703125,1.894921875,-7.01904296875,-7.14111328125,1.5869140625,-0.076904296875,-79.3267822265625,-95.9490966796875
2025-05-30 00:07:42.492,9.68037109375,0.019140625,1.6939453125000001,-10.43701171875,-7.87353515625,2.8076171875,-2.1368408203125,-80.15625,-94.6197509765625
2025-05-30 00:07:42.822,9.8478515625,-0.6125,1.0048828125,-31.31103515625,-9.6435546875,10.986328125,-25.103759765625,-82.3919677734375,-76.959228515625
2025-05-30 00:07:42.942,9.771289062500001,-0.45937500000000003,0.76083984375,-40.1611328125,-7.75146484375,16.54052734375,-42.6708984375,-82.4359130859375,-62.578125
2025-05-30 00:07:43.077,9.75693359375,-0.9474609375,0.6603515625,-48.33984375,-4.69970703125,11.962890625,-55.755615234375,-82.0733642578125,-53.9154052734375
2025-05-30 00:07:43.182,9.6373046875,-1.2345703125,0.6412109375,-50.23193359375,13.00048828125,-2.25830078125,-62.8472900390625,-81.4361572265625,-52.7398681640625
2025-05-30 00:07:43.302,9.5607421875,-1.703515625,0.6507812500000001,-33.26416015625,4.69970703125,4.150390625,-67.357177734375,-80.66162109375,-53.37158203125
2025-05-30 00:07:43.422,9.51767578125,-1.6460937500000001,0.5790039062500001,-16.4794921875,4.69970703125,-0.244140625,-68.367919921875,-80.1123046875,-55.04150390625
2025-05-30 00:07:43.542,9.5703125,-1.8518554687500002,0.8852539062500001,20.1416015625,4.2724609375,-5.92041015625,-61.63330078125,-79.8870849609375,-62.07275390625
2025-05-30 00:07:43.662,9.666015625,-1.22021484375,0.64599609375,71.1669921875,16.29638671875,-6.34765625,-48.9990234375,-79.947509765625,-70.125732421875
2025-05-30 00:07:43.782,9.838281250000001,-0.9666015625000001,1.44990234375,75.62255859375,12.5732421875,-6.40869140625,-27.9766845703125,-79.464111328125,-83.375244140625
2025-05-30 00:07:43.902,9.8,-0.6220703125,2.0241210937500003,49.49951171875,8.97216796875,8.23974609375,-17.578125,-78.3929443359375,-87.7972412109375
2025-05-30 00:07:44.232,9.460253906250001,-0.0861328125,2.3351562500000003,31.1279296875,14.09912109375,-3.41796875,-6.009521484375,-75.684814453125,-86.8304443359375
2025-05-30 00:07:44.352,9.455468750000001,-0.11484375000000001,2.4595703125000004,42.1142578125,19.47021484375,-13.73291015625,-2.79052734375,-74.0972900390625,-86.1383056640625
2025-05-30 00:07:44.472,9.340625000000001,0.48330078125000003,3.0577148437500004,66.46728515625,17.4560546875,18.98193359375,3.8836669921875,-71.71875,-87.3577880859375
2025-05-30 00:07:44.592,8.742480468750001,0.7751953125000001,3.09599609375,11.962890625,12.14599609375,2.74658203125,2.79052734375,-70.59814453125,-81.5625
2025-05-30 00:07:44.712,9.130078125,0.43066406250000006,3.6271484375000003,18.1884765625,5.67626953125,-2.9296875,4.5703125,-69.7576904296875,-80.9088134765625
2025-05-30 00:07:44.832,9.034375,0.23925781250000003,3.5792968750000003,24.23095703125,6.8359375,-6.40869140625,7.899169921875,-69.1204833984375,-81.9580078125
2025-05-30 00:07:44.952,9.3501953125,0.36845703125,4.8330078125,34.36279296875,6.103515625,2.9296875,11.62353515625,-69.7686767578125,-84.847412109375
2025-05-30 00:07:45.072,8.9865234375,0.8948242187500001,3.52666015625,18.00537109375,0.9765625,-3.60107421875,14.1229248046875,-69.3017578125,-85.8636474609375
2025-05-30 00:07:45.192,9.149218750000001,1.225,3.4692382812500004,5.55419921875,-2.197265625,-2.01416015625,16.10595703125,-69.246826171875,-86.4898681640625
2025-05-30 00:07:45.312,9.1396484375,1.1340820312500002,3.234765625,-0.1220703125,-5.0048828125,1.708984375,16.7431640625,-69.5654296875,-86.846923828125
2025-05-30 00:07:45.432,9.1587890625,1.17236328125,3.2682617187500003,-8.056640625,-9.46044921875,3.5400390625,16.2158203125,-70.499267578125,-86.72607421875
2025-05-30 00:07:45.642,9.20185546875,0.9091796875000001,3.1007812500000003,-32.3486328125,-15.13671875,1.8310546875,12.1893310546875,-72.44384765625,-85.4736328125
2025-05-30 00:07:45.762,9.287988281250001,1.44990234375,2.6318359375,-60.11962890625,-11.16943359375,8.23974609375,4.7406005859375,-73.289794921875,-82.3590087890625
2025-05-30 00:07:45.897,9.455468750000001,-0.06699218750000001,2.7275390625,-78.18603515625,-12.39013671875,-5.18798828125,0.582275390625,-73.9654541015625,-85.9295654296875
2025-05-30 00:07:46.002,9.455468750000001,0.04306640625,2.2490234375,-37.41455078125,-0.1220703125,3.47900390625,-8.0914306640625,-75.4595947265625,-84.5013427734375
2025-05-30 00:07:46.317,9.34541015625,-1.0623046875000002,2.3447265625,11.53564453125,4.0283203125,-2.74658203125,-12.8045654296875,-76.124267578125,-87.747802734375
2025-05-30 00:07:46.542,9.6181640625,0.0,2.3351562500000003,11.41357421875,-1.40380859375,0.42724609375,-10.8544921875,-76.234130859375,-88.6376953125
2025-05-30 00:07:46.647,9.4650390625,0.0095703125,2.3064453125,-6.2255859375,-2.01416015625,-4.94384765625,-8.8330078125,-76.4483642578125,-90.087890625
2025-05-30 00:07:46.767,9.6373046875,-0.516796875,2.18203125,-10.80322265625,-3.173828125,-3.5400390625,-7.745361328125,-76.7449951171875,-92.2027587890625
2025-05-30 00:07:46.872,9.670800781250001,-0.41152343750000003,2.2442382812500004,-2.3193359375,-2.0751953125,-1.28173828125,-6.4764404296875,-76.805419921875,-94.1912841796875
2025-05-30 00:07:47.082,9.622949218750001,0.0765625,2.3351562500000003,-1.03759765625,3.0517578125,-3.0517578125,-3.44970703125,-76.1297607421875,-99.305419921875
2025-05-30 00:07:47.202,9.64208984375,-0.06699218750000001,2.5552734375000004,-3.23486328125,5.4931640625,3.662109375,-3.2904052734375,-75.65185546875,-99.7833251953125
2025-05-30 00:07:47.412,9.383691406250001,-0.43544921875000003,2.51220703125,3.11279296875,5.615234375,2.62451171875,-6.0205078125,-74.3280029296875,-97.0037841796875
2025-05-30 00:07:47.532,9.436328125000001,-0.2009765625,2.7706054687500004,6.8359375,5.18798828125,6.53076171875,-7.2015380859375,-73.71826171875,-95.1416015625
2025-05-30 00:07:47.652,9.1875,0.028710937500000002,2.94287109375,-1.708984375,-1.953125,6.77490234375,-8.4100341796875,-73.3447265625,-93.460693359375
2025-05-30 00:07:47.772,9.268847656250001,0.24404296875,2.8902343750000004,-4.8828125,-1.220703125,2.38037109375,-9.2340087890625,-73.0206298828125,-92.4554443359375
2025-05-30 00:07:47.892,9.388476562500001,-0.40673828125000006,2.966796875,5.55419921875,4.150390625,3.7841796875,-9.0911865234375,-72.7130126953125,-92.65869140625
2025-05-30 00:07:48.012,9.2736328125,-0.3541015625,2.966796875,-1.77001953125,5.06591796875,1.3427734375,-9.6405029296875,-72.125244140625,-91.7138671875
2025-05-30 00:07:48.132,9.311914062500001,-0.20576171875000002,3.0912109375,-11.962890625,3.90625,-5.7373046875,-10.228271484375,-71.7681884765625,-91.790771484375
2025-05-30 00:07:48.253,9.29755859375,-0.5646484375,3.1247070312500003,-8.30078125,2.9296875,-9.70458984375,-7.7398681640625,-71.4990234375,-95.95458984375
2025-05-30 00:07:48.582,9.287988281250001,0.16748046875,3.1964843750000003,-7.568359375,2.13623046875,-12.14599609375,0.4010009765625,-71.2738037109375,-106.5289306640625
2025-05-30 00:07:48.702,9.29755859375,0.1435546875,3.3496093750000004,3.96728515625,5.06591796875,-15.380859375,5.1031494140625,-70.7135009765625,-111.99462890625
2025-05-30 00:07:48.837,9.1109375,0.6316406250000001,3.4118164062500003,1.28173828125,6.89697265625,-13.671875,9.3218994140625,-69.78515625,-116.69677734375
2025-05-30 00:07:48.942,9.091796875,1.320703125,3.52666015625,4.8828125,4.150390625,-9.46044921875,12.9364013671875,-68.8677978515625,-120.2178955078125
2025-05-30 00:07:49.062,9.10615234375,1.282421875,3.6127929687500004,-0.1220703125,2.8076171875,-9.46044921875,16.1114501953125,-68.038330078125,-123.431396484375
2025-05-30 00:07:49.182,8.9865234375,1.5743164062500001,3.5984375,-5.31005859375,1.8310546875,-7.080078125,17.8582763671875,-67.4176025390625,-125.57373046875
2025-05-30 00:07:49.392,8.929101562500001,1.6221679687500001,3.7084960937500004,2.5634765625,0.9765625,-2.8076171875,19.84130859375,-66.6815185546875,-127.8314208984375
2025-05-30 00:07:49.497,8.9482421875,1.703515625,3.7084960937500004,0.244140625,0.0,-2.74658203125,20.6103515625,-66.4837646484375,-128.5675048828125
2025-05-30 00:07:49.602,9.005664062500001,1.5551757812500002,3.6462890625,1.89208984375,0.54931640625,-3.2958984375,21.1761474609375,-66.368408203125,-129.078369140625
2025-05-30 00:07:49.707,8.89560546875,1.8422851562500002,3.68935546875,0.0,0.42724609375,-0.30517578125,21.7144775390625,-66.29150390625,-129.385986328125
2025-05-30 00:07:49.917,9.01044921875,1.665234375,3.6750000000000003,0.06103515625,0.06103515625,1.03759765625,21.9287109375,-66.24755859375,-129.5068359375
2025-05-30 00:07:50.022,8.929101562500001,1.68916015625,3.6797851562500004,-0.3662109375,0.6103515625,0.0,21.7913818359375,-66.2255859375,-129.30908203125
2025-05-30 00:07:50.232,8.938671875,1.665234375,3.64150390625,0.6103515625,-0.18310546875,-0.79345703125,22.17041015625,-66.2310791015625,-129.4903564453125
2025-05-30 00:07:50.352,8.981738281250001,1.7178710937500001,3.67021484375,-0.48828125,-0.3662109375,-0.42724609375,22.43408203125,-66.24755859375,-129.7265625
2025-05-30 00:07:50.667,8.97216796875,1.78486328125,3.62236328125,-0.42724609375,0.42724609375,-1.40380859375,23.04931640625,-66.1212158203125,-130.4132080078125
2025-05-30 00:07:50.877,8.929101562500001,1.8087890625,3.6845703125000004,-0.06103515625,0.30517578125,-2.3193359375,23.7469482421875,-65.8905029296875,-131.1492919921875
2025-05-30 00:07:50.997,8.91474609375,1.87099609375,3.68935546875,1.46484375,0.6103515625,-1.28173828125,24.268798828125,-65.7476806640625,-131.6107177734375
2025-05-30 00:07:51.117,8.86689453125,2.0958984375000003,3.71328125,-1.40380859375,0.6103515625,-0.67138671875,24.5159912109375,-65.6982421875,-131.6766357421875
2025-05-30 00:07:51.237,8.957812500000001,1.8040039062500002,3.6462890625,-3.47900390625,-0.6103515625,-0.732421875,24.3511962890625,-65.7366943359375,-131.77001953125
2025-05-30 00:07:51.357,8.933886718750001,1.7944335937500002,3.6462890625,-2.01416015625,-0.732421875,1.28173828125,24.312744140625,-65.7861328125,-131.8359375
2025-05-30 00:07:51.477,8.909960937500001,1.78486328125,3.6271484375000003,-2.9296875,-2.38037109375,-0.3662109375,23.9337158203125,-65.98388671875,-131.7645263671875
2025-05-30 00:07:51.597,9.029589843750001,1.665234375,3.5505859375,3.47900390625,-0.9765625,0.0,24.334716796875,-66.1322021484375,-132.1490478515625
2025-05-30 00:07:51.717,8.957812500000001,1.894921875,3.5649414062500004,0.48828125,-0.244140625,-0.3662109375,24.642333984375,-66.214599609375,-132.1380615234375
2025-05-30 00:07:51.837,8.9482421875,1.8279296875000002,3.5792968750000003,-2.25830078125,-2.197265625,0.3662109375,24.7796630859375,-66.3519287109375,-132.2918701171875
2025-05-30 00:07:52.167,8.99609375,1.8997070312500002,3.4596679687500003,-1.8310546875,-0.48828125,1.77001953125,24.510498046875,-66.77490234375,-131.451416015625
2025-05-30 00:07:52.287,9.096582031250001,1.6125976562500002,3.45009765625,-0.48828125,0.18310546875,1.89208984375,24.0545654296875,-66.851806640625,-131.1053466796875
2025-05-30 00:07:52.422,9.000878906250001,1.72744140625,3.4835937500000003,1.15966796875,1.0986328125,1.708984375,23.62060546875,-66.8682861328125,-130.5010986328125
2025-05-30 00:07:52.527,9.053515625000001,1.6556640625,3.5410156250000004,-1.52587890625,-0.3662109375,0.30517578125,23.4228515625,-66.9342041015625,-130.2264404296875
2025-05-30 00:07:52.647,9.053515625000001,1.7130859375,3.502734375,-3.60107421875,-1.3427734375,0.79345703125,23.2086181640625,-67.027587890625,-130.2813720703125
2025-05-30 00:07:52.767,9.024804687500001,1.5551757812500002,3.47880859375,-2.3193359375,-0.54931640625,-0.244140625,23.09326171875,-67.1319580078125,-130.616455078125
2025-05-30 00:07:52.887,9.053515625000001,1.5886718750000002,3.4931640625000004,1.64794921875,-0.1220703125,-0.91552734375,23.4063720703125,-67.0880126953125,-130.9844970703125
2025-05-30 00:07:53.007,9.053515625000001,1.78486328125,3.4596679687500003,0.8544921875,-0.48828125,-0.9765625,23.8623046875,-67.0330810546875,-131.319580078125
2025-05-30 00:07:53.127,9.029589843750001,1.64130859375,3.40703125,0.3662109375,-0.06103515625,-1.52587890625,24.246826171875,-66.983642578125,-131.7425537109375
2025-05-30 00:07:53.247,9.02001953125,1.8135742187500001,3.49794921875,-2.38037109375,-0.244140625,0.732421875,24.4171142578125,-66.983642578125,-131.912841796875
2025-05-30 00:07:53.577,9.029589843750001,1.68916015625,3.4644531250000004,0.30517578125,0.6103515625,-0.3662109375,24.1259765625,-66.9561767578125,-131.9732666015625
2025-05-30 00:07:53.697,9.029589843750001,1.6748046875000002,3.4740234375,1.46484375,0.48828125,-0.3662109375,24.32373046875,-66.9122314453125,-132.044677734375
2025-05-30 00:07:53.817,9.02001953125,1.72744140625,3.4692382812500004,-0.1220703125,-0.42724609375,0.54931640625,24.27978515625,-66.9451904296875,-131.9183349609375
2025-05-30 00:07:53.937,9.024804687500001,1.7657226562500001,3.4644531250000004,2.685546875,0.18310546875,2.13623046875,24.27978515625,-66.983642578125,-131.693115234375
2025-05-30 00:07:54.057,9.024804687500001,1.7322265625000002,3.40703125,2.0751953125,-0.48828125,1.46484375,24.08203125,-67.0989990234375,-131.3250732421875
2025-05-30 00:07:54.177,9.096582031250001,1.6125976562500002,3.4166015625000004,1.40380859375,-0.91552734375,-0.06103515625,24.3072509765625,-67.1978759765625,-131.2921142578125
2025-05-30 00:07:54.312,9.101367187500001,1.7609375,3.3017578125000004,-3.662109375,-4.0283203125,1.52587890625,24.114990234375,-67.5054931640625,-131.0888671875
2025-05-30 00:07:54.417,9.034375,1.7657226562500001,3.3926757812500004,-12.451171875,-3.72314453125,3.5400390625,23.1756591796875,-68.0218505859375,-130.78125
2025-05-30 00:07:54.537,9.10615234375,1.2345703125,3.2730468750000004,-0.30517578125,-3.11279296875,3.60107421875,22.159423828125,-68.345947265625,-130.6109619140625
2025-05-30 00:07:54.657,9.091796875,1.4690429687500002,3.3735351562500004,5.9814453125,-3.173828125,9.1552734375,21.6485595703125,-68.9007568359375,-129.5123291015625
2025-05-30 00:07:54.867,9.3310546875,1.5168945312500002,3.1534179687500004,-1.0986328125,-6.4697265625,12.87841796875,18.6328125,-70.3619384765625,-125.52978515625
2025-05-30 00:07:54.987,9.3693359375,0.85654296875,2.90458984375,-5.2490234375,-0.9765625,10.31494140625,14.007568359375,-71.2957763671875,-121.0089111328125
2025-05-30 00:07:55.107,9.29755859375,0.61728515625,3.0050781250000003,-3.96728515625,-3.0517578125,8.97216796875,10.7501220703125,-71.7901611328125,-118.0865478515625
2025-05-30 00:07:55.227,9.3501953125,0.3923828125,2.8998046875,-0.6103515625,-0.6103515625,5.18798828125,8.360595703125,-72.0867919921875,-115.938720703125
2025-05-30 00:07:55.347,9.37890625,0.440234375,2.9141601562500004,0.91552734375,-1.77001953125,1.77001953125,7.3333740234375,-72.3724365234375,-114.9005126953125
2025-05-30 00:07:55.467,9.359765625000001,0.50244140625,2.9380859375000004,-2.86865234375,-2.197265625,-0.06103515625,7.0037841796875,-72.586669921875,-114.67529296875
2025-05-30 00:07:55.602,9.455468750000001,0.44501953125000004,2.9189453125,-7.01904296875,0.54931640625,-1.5869140625,6.7730712890625,-72.652587890625,-115.0323486328125
2025-05-30 00:07:55.707,9.431542968750001,0.3828125,2.84716796875,-10.7421875,3.173828125,-3.47900390625,6.1798095703125,-72.4163818359375,-115.653076171875
2025-05-30 00:07:55.827,9.398046875,0.2966796875,2.928515625,-11.962890625,6.40869140625,-7.2021484375,5.943603515625,-71.87255859375,-116.9000244140625
2025-05-30 00:07:55.947,9.30712890625,0.2009765625,3.02421875,-5.615234375,3.35693359375,-8.30078125,6.6412353515625,-71.3616943359375,-118.93798828125
2025-05-30 00:07:56.082,9.2544921875,0.42109375000000004,3.14384765625,6.591796875,3.0517578125,-9.70458984375,8.997802734375,-70.8233642578125,-121.8548583984375
2025-05-30 00:07:56.187,9.316699218750001,0.7512695312500001,3.2251953125000004,9.82666015625,3.5400390625,-11.90185546875,13.018798828125,-70.20263671875,-125.4473876953125
2025-05-30 00:07:56.517,9.13486328125,1.29677734375,3.4118164062500003,-1.64794921875,3.5400390625,-6.40869140625,19.57763671875,-68.3294677734375,-132.110595703125
2025-05-30 00:07:56.637,8.976953125000001,1.41162109375,3.33525390625,4.7607421875,2.5634765625,-3.2958984375,20.76416015625,-67.7362060546875,-133.341064453125
2025-05-30 00:07:56.757,9.03916015625,1.8087890625,3.5649414062500004,1.46484375,0.244140625,0.48828125,21.4508056640625,-67.6483154296875,-133.5223388671875
2025-05-30 00:07:56.877,9.11572265625,1.4068359375000001,3.4453125000000004,-4.150390625,2.197265625,-2.86865234375,21.324462890625,-67.47802734375,-133.6981201171875
2025-05-30 00:07:56.997,9.15400390625,1.6460937500000001,3.6654296875,-1.5869140625,1.953125,-1.03759765625,21.544189453125,-67.1923828125,-134.176025390625
2025-05-30 00:07:57.117,9.120507812500001,1.53125,3.6654296875,-2.86865234375,8.30078125,0.54931640625,20.665283203125,-66.632080078125,-133.5882568359375
2025-05-30 00:07:57.237,9.01044921875,1.4451171875000002,3.7419921875,-0.67138671875,10.80322265625,1.89208984375,19.2535400390625,-65.709228515625,-132.066650390625
2025-05-30 00:07:57.357,8.99130859375,1.3876953125,4.05302734375,1.77001953125,14.2822265625,2.5634765625,17.808837890625,-64.456787109375,-130.27587890625
2025-05-30 00:07:57.477,8.86689453125,1.4451171875000002,4.20615234375,4.21142578125,14.404296875,2.0751953125,16.710205078125,-62.9791259765625,-128.551025390625
2025-05-30 00:07:57.599,8.75205078125,1.4307617187500001,4.3640625,3.84521484375,17.39501953125,-2.0751953125,16.0894775390625,-61.3311767578125,-127.3699951171875
2025-05-30 00:07:57.927,8.0390625,1.3972656250000002,5.349804687500001,-5.06591796875,9.3994140625,0.244140625,13.5406494140625,-56.7498779296875,-125.9967041015625
2025-05-30 00:07:58.242,8.01513671875,1.3876953125,5.541210937500001,1.28173828125,-1.8310546875,0.42724609375,12.4365234375,-55.579833984375,-125.068359375
2025-05-30 00:07:58.587,8.17783203125,1.53125,5.35458984375,0.6103515625,-2.62451171875,-0.48828125,13.5791015625,-56.2994384765625,-125.848388671875
2025-05-30 00:07:58.693,8.17783203125,1.4642578125,5.25888671875,-0.06103515625,-1.708984375,0.0,13.743896484375,-56.4971923828125,-126.002197265625
2025-05-30 00:07:58.812,8.20654296875,1.5025390625000001,5.230175781250001,-0.9765625,-1.77001953125,0.30517578125,13.68896484375,-56.7059326171875,-125.9527587890625
2025-05-30 00:07:58.932,8.24482421875,1.3876953125,5.206250000000001,1.3427734375,-1.89208984375,-0.244140625,13.8153076171875,-56.93115234375,-126.05712890625
2025-05-30 00:07:59.052,8.25439453125,1.5168945312500002,5.16796875,1.77001953125,-1.03759765625,0.91552734375,13.985595703125,-57.10693359375,-126.0296630859375
2025-05-30 00:07:59.172,8.240039062500001,1.473828125,5.14404296875,0.6103515625,-1.3427734375,1.0986328125,13.9306640625,-57.271728515625,-125.8319091796875
2025-05-30 00:07:59.292,8.311816406250001,1.4786132812500001,5.14404296875,1.0986328125,-1.77001953125,1.52587890625,13.9251708984375,-57.48046875,-125.6121826171875
2025-05-30 00:07:59.412,8.3166015625,1.4307617187500001,5.09140625,0.9765625,-1.5869140625,1.28173828125,13.897705078125,-57.6617431640625,-125.386962890625
2025-05-30 00:07:59.727,8.3166015625,1.4211914062500002,5.0531250000000005,0.732421875,-0.79345703125,-0.244140625,14.0020751953125,-57.8704833984375,-125.26611328125
2025-05-30 00:07:59.937,8.335742187500001,1.4690429687500002,5.0435546875,0.3662109375,-0.54931640625,0.0,14.1778564453125,-57.94189453125,-125.35400390625
2025-05-30 00:08:00.072,8.354882812500001,1.4451171875000002,5.033984375,0.54931640625,-0.3662109375,-0.18310546875,14.2877197265625,-57.996826171875,-125.4254150390625
2025-05-30 00:08:00.177,8.359667968750001,1.4929687500000002,5.01962890625,0.18310546875,0.244140625,-0.06103515625,14.39208984375,-58.0078125,-125.4638671875
2025-05-30 00:08:00.297,8.326171875,1.5216796875,5.014843750000001,0.91552734375,0.42724609375,0.91552734375,14.425048828125,-57.9913330078125,-125.419921875
2025-05-30 00:08:00.417,8.335742187500001,1.4929687500000002,5.00048828125,-0.1220703125,0.1220703125,0.30517578125,14.3536376953125,-57.9803466796875,-125.277099609375
2025-05-30 00:08:00.747,8.32138671875,1.6030273437500002,5.05791015625,-0.06103515625,0.6103515625,0.3662109375,14.65576171875,-57.9254150390625,-125.145263671875
2025-05-30 00:08:00.867,8.3453125,1.44033203125,5.0244140625,1.708984375,-0.06103515625,-1.15966796875,14.78759765625,-57.864990234375,-125.2606201171875
2025-05-30 00:08:00.987,8.30224609375,1.63173828125,5.06748046875,0.48828125,1.28173828125,-0.1220703125,15.0677490234375,-57.7935791015625,-125.3814697265625
2025-05-30 00:08:01.227,8.402734375000001,1.5168945312500002,4.9765625,-0.18310546875,-2.25830078125,-1.40380859375,15.4632568359375,-57.8265380859375,-125.892333984375
2025-05-30 00:08:01.347,8.3166015625,1.59345703125,4.97177734375,1.8310546875,-2.86865234375,-1.5869140625,15.963134765625,-58.0242919921875,-126.419677734375
2025-05-30 00:08:01.467,8.283105468750001,1.6843750000000002,5.0291992187500005,-0.3662109375,-2.50244140625,-1.89208984375,16.5618896484375,-58.2659912109375,-126.968994140625
2025-05-30 00:08:01.782,8.46015625,1.665234375,4.7947265625,1.52587890625,-1.5869140625,0.67138671875,16.907958984375,-58.8812255859375,-127.3699951171875
2025-05-30 00:08:01.992,8.4123046875,1.6700195312500001,4.847363281250001,0.6103515625,0.3662109375,0.6103515625,17.0782470703125,-58.9471435546875,-127.28759765625
2025-05-30 00:08:02.127,8.421875,1.6460937500000001,4.80908203125,0.0,0.30517578125,0.67138671875,16.951904296875,-58.9306640625,-127.078857421875
2025-05-30 00:08:02.232,8.44580078125,1.6173828125,4.823437500000001,0.91552734375,0.18310546875,0.1220703125,16.995849609375,-58.95263671875,-127.0458984375
2025-05-30 00:08:02.352,8.41708984375,1.7609375,4.80908203125,0.8544921875,0.0,0.54931640625,17.0672607421875,-58.941650390625,-126.97998046875
2025-05-30 00:08:02.472,8.43623046875,1.703515625,4.7947265625,-0.30517578125,0.18310546875,0.0,17.083740234375,-58.9361572265625,-126.9635009765625
2025-05-30 00:08:02.592,8.44580078125,1.67958984375,4.823437500000001,-2.86865234375,0.9765625,0.67138671875,16.885986328125,-58.897705078125,-126.8096923828125
2025-05-30 00:08:02.922,8.4123046875,1.6365234375000002,4.82822265625,-1.28173828125,1.77001953125,1.0986328125,15.9576416015625,-58.721923828125,-125.9307861328125
2025-05-30 00:08:03.042,8.402734375000001,1.53603515625,4.895214843750001,0.0,0.48828125,0.67138671875,15.7269287109375,-58.6395263671875,-125.70556640625
2025-05-30 00:08:03.162,8.4123046875,1.5408203125000002,4.92392578125,-0.48828125,1.15966796875,0.3662109375,15.57861328125,-58.55712890625,-125.5352783203125
2025-05-30 00:08:03.282,8.359667968750001,1.53125,4.91435546875,-0.8544921875,0.9765625,-0.1220703125,15.4193115234375,-58.4417724609375,-125.4254150390625
2025-05-30 00:08:03.402,8.36923828125,1.54560546875,4.966992187500001,-0.54931640625,0.3662109375,-0.30517578125,15.3753662109375,-58.38134765625,-125.452880859375
2025-05-30 00:08:03.522,8.359667968750001,1.56953125,4.9478515625,-0.30517578125,-0.06103515625,-0.244140625,15.3314208984375,-58.3538818359375,-125.474853515625
2025-05-30 00:08:03.642,8.39794921875,1.512109375,4.93828125,-2.01416015625,0.732421875,0.9765625,15.1446533203125,-58.3538818359375,-125.3759765625
2025-05-30 00:08:03.762,8.354882812500001,1.4929687500000002,4.95263671875,-2.13623046875,0.1220703125,0.18310546875,14.74365234375,-58.3428955078125,-125.13427734375
2025-05-30 00:08:04.332,8.402734375000001,1.53125,4.919140625000001,0.54931640625,-0.48828125,0.48828125,15.1226806640625,-58.623046875,-125.5792236328125
2025-05-30 00:08:04.452,8.450585937500001,1.4833984375,4.895214843750001,-0.1220703125,0.54931640625,0.0,15.1336669921875,-58.6065673828125,-125.5462646484375
2025-05-30 00:08:04.572,8.364453125,1.5025390625000001,4.9287109375,-0.54931640625,1.220703125,0.0,15.0677490234375,-58.5406494140625,-125.5242919921875
2025-05-30 00:08:04.692,8.431445312500001,1.4786132812500001,4.96220703125,-0.8544921875,1.15966796875,-0.244140625,15.0238037109375,-58.42529296875,-125.518798828125
2025-05-30 00:08:04.812,8.364453125,1.5503906250000001,4.92392578125,0.42724609375,0.732421875,0.0,15.00732421875,-58.326416015625,-125.5078125
2025-05-30 00:08:04.932,8.3453125,1.5791015625000002,5.0291992187500005,0.0,0.0,0.48828125,15.0347900390625,-58.2879638671875,-125.4144287109375
2025-05-30 00:08:05.052,8.35009765625,1.4929687500000002,4.990917968750001,0.244140625,-0.30517578125,0.1220703125,15.0018310546875,-58.2659912109375,-125.3759765625
2025-05-30 00:08:05.172,8.3931640625,1.53125,4.96220703125,1.15966796875,-0.67138671875,-0.54931640625,15.18310546875,-58.326416015625,-125.419921875
2025-05-30 00:08:05.292,8.41708984375,1.5599609375,4.943066406250001,1.220703125,-0.3662109375,-0.3662109375,15.457763671875,-58.359375,-125.518798828125
2025-05-30 00:08:05.412,8.354882812500001,1.5216796875,4.966992187500001,-0.244140625,0.30517578125,-0.48828125,15.4962158203125,-58.326416015625,-125.606689453125
2025-05-30 00:08:05.532,8.359667968750001,1.53603515625,4.9287109375,-0.42724609375,0.30517578125,-0.30517578125,15.5401611328125,-58.3154296875,-125.6781005859375
2025-05-30 00:08:05.743,8.359667968750001,1.63173828125,4.97177734375,-0.8544921875,0.0,0.0,15.6060791015625,-58.282470703125,-125.738525390625
2025-05-30 00:08:05.862,8.364453125,1.5599609375,4.96220703125,-0.8544921875,0.3662109375,0.42724609375,15.435791015625,-58.2550048828125,-125.6781005859375
2025-05-30 00:08:05.982,8.359667968750001,1.5743164062500001,4.9813476562500005,-0.54931640625,0.244140625,0.732421875,15.281982421875,-58.24951171875,-125.540771484375
2025-05-30 00:08:06.116,8.383593750000001,1.53603515625,4.92392578125,-0.67138671875,-0.06103515625,0.79345703125,15.0897216796875,-58.2275390625,-125.386962890625
2025-05-30 00:08:06.222,8.35009765625,1.473828125,4.9861328125,-1.28173828125,0.244140625,0.6103515625,14.842529296875,-58.2275390625,-125.2276611328125
2025-05-30 00:08:06.342,8.3453125,1.4690429687500002,5.0052734375000005,-0.244140625,0.0,0.732421875,14.688720703125,-58.24951171875,-125.101318359375
2025-05-30 00:08:06.462,8.39794921875,1.49775390625,4.93828125,1.28173828125,-0.91552734375,0.0,14.710693359375,-58.3154296875,-125.0408935546875
2025-05-30 00:08:06.582,8.364453125,1.50732421875,4.943066406250001,1.28173828125,-1.89208984375,0.3662109375,14.9029541015625,-58.458251953125,-125.079345703125
2025-05-30 00:08:06.702,8.407519531250001,1.5025390625000001,4.9095703125000005,0.3662109375,-1.64794921875,0.48828125,15.0128173828125,-58.656005859375,-125.101318359375
2025-05-30 00:08:06.822,8.431445312500001,1.4307617187500001,4.847363281250001,0.0,-1.46484375,0.3662109375,15.00732421875,-58.8427734375,-125.0628662109375
2025-05-30 00:08:06.942,8.43623046875,1.473828125,4.8521484375,3.72314453125,-1.708984375,0.54931640625,15.2325439453125,-59.0185546875,-125.0738525390625
2025-05-30 00:08:07.272,8.479296875000001,1.53125,4.8521484375,-1.28173828125,1.89208984375,1.220703125,15.3533935546875,-59.1339111328125,-124.903564453125
2025-05-30 00:08:07.392,8.431445312500001,1.4642578125,4.85693359375,-1.953125,2.685546875,2.25830078125,14.754638671875,-58.9251708984375,-124.398193359375
2025-05-30 00:08:07.512,8.450585937500001,1.435546875,4.7899414062500005,-1.220703125,1.0986328125,1.46484375,14.183349609375,-58.8153076171875,-123.8983154296875
2025-05-30 00:08:07.632,8.4123046875,1.3876953125,4.8904296875,2.44140625,2.01416015625,4.2724609375,13.7054443359375,-58.8153076171875,-123.134765625
2025-05-30 00:08:07.752,8.46015625,1.4068359375000001,4.943066406250001,-2.3193359375,3.35693359375,3.23486328125,13.0242919921875,-58.677978515625,-121.915283203125
2025-05-30 00:08:07.872,8.3166015625,1.1197265625000001,4.9,-2.3193359375,1.220703125,2.5634765625,11.953125,-58.4967041015625,-120.9869384765625
2025-05-30 00:08:07.994,8.38837890625,0.9809570312500001,5.01005859375,10.009765625,-4.8828125,3.173828125,11.854248046875,-58.7603759765625,-120.5255126953125
2025-05-30 00:08:08.112,8.421875,1.24892578125,4.823437500000001,5.55419921875,-7.14111328125,3.72314453125,12.3101806640625,-59.5513916015625,-120.0421142578125
2025-05-30 00:08:08.232,8.54150390625,1.26806640625,4.6942382812500005,-1.03759765625,-10.986328125,4.150390625,12.2442626953125,-60.699462890625,-119.5916748046875
2025-05-30 00:08:08.352,8.618066406250001,0.9809570312500001,4.5171875,-8.72802734375,-7.75146484375,-0.67138671875,11.7498779296875,-61.8255615234375,-119.5037841796875
2025-05-30 00:08:08.682,8.7951171875,1.36376953125,4.268359375,-1.64794921875,3.2958984375,-0.732421875,13.590087890625,-62.7978515625,-121.025390625
2025-05-30 00:08:08.802,8.79990234375,1.1675781250000001,4.44541015625,-4.0283203125,4.82177734375,-0.54931640625,13.062744140625,-62.3583984375,-120.76171875
2025-05-30 00:08:08.922,8.718554687500001,1.0144531250000002,4.488476562500001,1.40380859375,7.6904296875,4.150390625,12.117919921875,-61.611328125,-119.871826171875
2025-05-30 00:08:09.042,8.618066406250001,1.4929687500000002,4.82822265625,-5.9814453125,8.4228515625,9.33837890625,10.4315185546875,-60.9136962890625,-117.7569580078125
2025-05-30 00:08:09.162,8.421875,0.85654296875,4.966992187500001,-19.04296875,12.63427734375,12.20703125,6.668701171875,-59.6502685546875,-115.6805419921875
2025-05-30 00:08:09.282,8.41708984375,0.057421875000000004,4.966992187500001,-20.32470703125,18.798828125,10.92529296875,1.1865234375,-57.821044921875,-112.9449462890625
2025-05-30 00:08:09.402,8.29267578125,-0.16748046875,5.6034179687500005,-20.32470703125,14.83154296875,16.29638671875,-3.1805419921875,-56.0137939453125,-109.720458984375
2025-05-30 00:08:09.717,7.65146484375,-0.8230468750000001,5.924023437500001,12.14599609375,3.7841796875,5.92041015625,-7.9376220703125,-52.8717041015625,-105.8367919921875
2025-05-30 00:08:09.942,7.680175781250001,-0.38759765625000003,6.196777343750001,-0.9765625,-2.197265625,5.06591796875,-7.393798828125,-52.49267578125,-105.369873046875
2025-05-30 00:08:10.055,7.7806640625000005,-0.58857421875,6.07236328125,-2.38037109375,-0.30517578125,0.732421875,-7.6519775390625,-52.239990234375,-105.963134765625
2025-05-30 00:08:10.167,7.8189453125,-0.6077148437500001,6.05322265625,-2.25830078125,0.0,2.197265625,-8.19580078125,-52.2015380859375,-106.0894775390625
2025-05-30 00:08:10.299,7.73759765625,-0.6555664062500001,6.043652343750001,-12.14599609375,3.72314453125,0.244140625,-9.085693359375,-51.85546875,-105.8477783203125
2025-05-30 00:08:10.407,7.632324218750001,-0.9857421875000001,6.12021484375,-9.1552734375,1.220703125,-1.03759765625,-10.2117919921875,-51.7291259765625,-105.897216796875
2025-05-30 00:08:10.532,7.6658203125,-0.9378906250000001,6.144140625,3.90625,-1.3427734375,2.01416015625,-10.5194091796875,-51.5972900390625,-106.116943359375
2025-05-30 00:08:10.857,7.6849609375000005,-0.9139648437500001,6.043652343750001,-5.615234375,-1.64794921875,-1.40380859375,-10.8819580078125,-51.8719482421875,-106.67724609375
2025-05-30 00:08:11.066,7.78544921875,-1.091015625,6.02451171875,0.54931640625,-1.46484375,-1.220703125,-11.1346435546875,-52.14111328125,-107.061767578125
2025-05-30 00:08:11.502,7.8189453125,-1.0718750000000001,5.93359375,-0.1220703125,-0.42724609375,-0.48828125,-11.1785888671875,-52.4212646484375,-106.9354248046875
2025-05-30 00:08:11.623,7.814160156250001,-1.00966796875,5.971875000000001,0.8544921875,-0.6103515625,-0.18310546875,-11.1346435546875,-52.4871826171875,-106.875
2025-05-30 00:08:11.742,7.8045898437500005,-0.9139648437500001,5.9383789062500005,0.6103515625,0.0,0.1220703125,-10.9368896484375,-52.5146484375,-106.776123046875
2025-05-30 00:08:12.267,7.823730468750001,-0.9570312500000001,5.9431640625,0.54931640625,0.0,0.0,-10.7666015625,-52.5860595703125,-106.622314453125
2025-05-30 00:08:12.507,7.79501953125,-0.88046875,5.9431640625,-0.30517578125,0.42724609375,0.42724609375,-10.7501220703125,-52.5421142578125,-106.5234375
2025-05-30 00:08:12.627,7.814160156250001,-0.9474609375,5.93359375,0.42724609375,0.18310546875,0.1220703125,-10.7666015625,-52.4871826171875,-106.5234375
2025-05-30 00:08:12.747,7.78544921875,-0.899609375,5.971875000000001,2.38037109375,-0.67138671875,0.67138671875,-10.634765625,-52.503662109375,-106.45751953125
2025-05-30 00:08:12.882,7.8189453125,-0.9331054687500001,5.92880859375,-0.244140625,0.0,-0.06103515625,-10.61279296875,-52.547607421875,-106.36962890625
2025-05-30 00:08:12.987,7.83330078125,-0.9331054687500001,5.93359375,-0.244140625,-0.06103515625,0.244140625,-10.645751953125,-52.5531005859375,-106.3531494140625
2025-05-30 00:08:13.113,7.823730468750001,-0.899609375,5.9862304687500005,-1.15966796875,0.06103515625,0.244140625,-10.7666015625,-52.5640869140625,-106.36962890625
2025-05-30 00:08:13.227,7.838085937500001,-1.0000976562500001,5.95751953125,-2.13623046875,1.0986328125,-0.9765625,-10.9039306640625,-52.503662109375,-106.4794921875
2025-05-30 00:08:13.362,7.8045898437500005,-0.9378906250000001,5.9431640625,-2.9296875,0.6103515625,-0.3662109375,-11.0797119140625,-52.4322509765625,-106.446533203125
2025-05-30 00:08:13.478,7.766308593750001,-0.97138671875,5.93359375,-4.638671875,1.03759765625,-1.28173828125,-11.370849609375,-52.3663330078125,-106.54541015625
2025-05-30 00:08:13.602,7.799804687500001,-1.0383789062500002,5.91923828125,-3.41796875,0.48828125,-1.64794921875,-11.5850830078125,-52.3663330078125,-106.787109375
2025-05-30 00:08:13.707,7.799804687500001,-0.9618164062500001,5.9144531250000005,-1.220703125,-0.18310546875,0.0,-11.6619873046875,-52.3773193359375,-106.864013671875
2025-05-30 00:08:13.917,7.814160156250001,-1.0862304687500002,5.947949218750001,0.79345703125,-0.48828125,0.48828125,-11.8048095703125,-52.4267578125,-106.995849609375
2025-05-30 00:08:14.037,7.799804687500001,-1.05751953125,5.90966796875,2.50244140625,-1.0986328125,0.1220703125,-11.75537109375,-52.4981689453125,-106.907958984375
2025-05-30 00:08:14.158,7.8285156250000005,-1.0240234375000001,5.9383789062500005,-0.54931640625,-0.244140625,-0.67138671875,-11.6015625,-52.6025390625,-106.776123046875
2025-05-30 00:08:14.472,7.862011718750001,-1.052734375,5.8953125,-0.42724609375,-0.06103515625,-0.54931640625,-11.6290283203125,-52.75634765625,-106.7706298828125
2025-05-30 00:08:14.693,7.83330078125,-1.0048828125,5.876171875000001,-0.9765625,-0.1220703125,-0.30517578125,-11.7059326171875,-52.7947998046875,-106.688232421875
2025-05-30 00:08:14.802,7.885937500000001,-1.0479492187500001,5.837890625,-0.67138671875,-0.06103515625,-0.18310546875,-11.79931640625,-52.811279296875,-106.7047119140625
2025-05-30 00:08:14.922,7.88115234375,-1.0431640625,5.8666015625000005,-0.1220703125,-0.3662109375,0.0,-11.865234375,-52.84423828125,-106.776123046875
2025-05-30 00:08:15.027,7.8763671875000005,-1.0814453125,5.8857421875,0.30517578125,0.30517578125,0.18310546875,-11.865234375,-52.8607177734375,-106.820068359375
2025-05-30 00:08:15.447,7.8572265625,-1.1101562500000002,5.86181640625,-1.28173828125,0.48828125,-0.06103515625,-12.227783203125,-52.8497314453125,-106.85302734375
2025-05-30 00:08:15.576,7.862011718750001,-1.1101562500000002,5.8666015625000005,-1.8310546875,0.54931640625,-0.18310546875,-12.3046875,-52.833251953125,-106.8804931640625
2025-05-30 00:08:15.687,7.847656250000001,-1.0862304687500002,5.8953125,-0.8544921875,0.1220703125,0.0,-12.403564453125,-52.8277587890625,-106.9244384765625
2025-05-30 00:08:15.810,7.866796875,-1.0718750000000001,5.8905273437500005,-2.01416015625,1.15966796875,0.0,-12.5189208984375,-52.8057861328125,-106.951904296875
2025-05-30 00:08:15.927,7.8763671875000005,-1.1436523437500001,5.83310546875,-1.8310546875,0.8544921875,-0.42724609375,-12.72216796875,-52.6904296875,-107.0672607421875
2025-05-30 00:08:16.047,7.799804687500001,-1.1388671875,5.900097656250001,-0.42724609375,0.48828125,0.0,-12.8155517578125,-52.613525390625,-107.1112060546875
2025-05-30 00:08:16.362,7.799804687500001,-1.15322265625,5.9144531250000005,-0.18310546875,-0.06103515625,0.0,-12.9254150390625,-52.49267578125,-107.1002197265625
2025-05-30 00:08:16.572,7.823730468750001,-1.129296875,5.876171875000001,1.64794921875,-0.9765625,0.30517578125,-12.799072265625,-52.6025390625,-107.0892333984375
2025-05-30 00:08:16.812,7.8572265625,-1.0814453125,5.876171875000001,0.244140625,0.06103515625,0.06103515625,-12.50244140625,-52.789306640625,-106.9024658203125
2025-05-30 00:08:16.944,7.8524414062500005,-1.1436523437500001,5.8666015625000005,0.42724609375,-0.244140625,0.0,-12.4639892578125,-52.80029296875,-106.9024658203125
2025-05-30 00:08:17.292,7.8572265625,-1.091015625,5.86181640625,0.3662109375,-0.1220703125,0.1220703125,-12.403564453125,-52.855224609375,-106.8804931640625
2025-05-30 00:08:17.505,7.84287109375,-1.0479492187500001,5.86181640625,-0.48828125,1.15966796875,0.1220703125,-12.41455078125,-52.7618408203125,-106.842041015625
2025-05-30 00:08:17.622,7.8285156250000005,-1.091015625,5.8953125,0.54931640625,0.0,0.0,-12.3980712890625,-52.734375,-106.89697265625
2025-05-30 00:08:17.742,7.84287109375,-1.0623046875000002,5.876171875000001,0.06103515625,0.0,-0.18310546875,-12.3651123046875,-52.723388671875,-106.885986328125
2025-05-30 00:08:17.862,7.84287109375,-1.1484375,5.8426757812500005,1.28173828125,0.244140625,0.42724609375,-12.359619140625,-52.6959228515625,-106.951904296875
2025-05-30 00:08:17.982,7.84287109375,-1.0623046875000002,5.93359375,-0.42724609375,-0.18310546875,0.18310546875,-12.2882080078125,-52.7178955078125,-106.820068359375
2025-05-30 00:08:18.102,7.83330078125,-1.05751953125,5.9048828125,-1.77001953125,0.1220703125,-0.6103515625,-12.3321533203125,-52.7069091796875,-106.787109375
2025-05-30 00:08:18.222,7.84287109375,-1.12451171875,5.876171875000001,0.1220703125,-0.732421875,-0.48828125,-12.3486328125,-52.75634765625,-106.8695068359375
2025-05-30 00:08:18.342,7.8524414062500005,-1.0240234375000001,5.86181640625,-0.18310546875,-0.06103515625,0.42724609375,-12.3541259765625,-52.80029296875,-106.8585205078125
2025-05-30 00:08:18.792,7.84287109375,-1.15322265625,5.82353515625,-1.953125,0.91552734375,0.0,-12.7935791015625,-52.7728271484375,-106.9793701171875
2025-05-30 00:08:18.912,7.8189453125,-1.129296875,5.91923828125,-0.9765625,-0.30517578125,-0.48828125,-12.864990234375,-52.7618408203125,-107.0123291015625
2025-05-30 00:08:19.032,7.847656250000001,-1.0814453125,5.7948242187500005,-0.06103515625,0.18310546875,0.3662109375,-12.9364013671875,-52.7398681640625,-107.0123291015625
2025-05-30 00:08:19.153,7.8524414062500005,-1.1197265625000001,5.8857421875,-0.6103515625,-0.06103515625,0.0,-12.9693603515625,-52.767333984375,-107.0343017578125
2025-05-30 00:08:19.272,7.8524414062500005,-1.1771484375,5.8426757812500005,0.1220703125,-0.30517578125,0.0,-12.974853515625,-52.80029296875,-107.061767578125
2025-05-30 00:08:19.392,7.8572265625,-1.16279296875,5.8426757812500005,0.42724609375,-0.6103515625,-0.1220703125,-12.9364013671875,-52.8826904296875,-107.0672607421875
2025-05-30 00:08:19.512,7.8763671875000005,-1.1005859375,5.8666015625000005,1.15966796875,-0.8544921875,-0.3662109375,-12.7496337890625,-53.02001953125,-107.0452880859375
2025-05-30 00:08:19.632,7.885937500000001,-1.10537109375,5.8091796875,0.54931640625,0.67138671875,0.48828125,-12.72216796875,-53.0474853515625,-107.0013427734375
2025-05-30 00:08:19.752,7.8524414062500005,-1.129296875,5.828320312500001,1.3427734375,-0.6103515625,0.18310546875,-12.6507568359375,-53.0419921875,-106.9683837890625
2025-05-30 00:08:19.872,7.88115234375,-1.10537109375,5.83310546875,0.30517578125,0.0,0.0,-12.5848388671875,-53.0859375,-106.9354248046875
2025-05-30 00:08:20.204,7.88115234375,-1.052734375,5.82353515625,-0.1220703125,0.67138671875,0.06103515625,-12.513427734375,-53.1134033203125,-106.85302734375
2025-05-30 00:08:20.322,7.88115234375,-1.05751953125,5.81396484375,-0.30517578125,0.3662109375,0.0,-12.4969482421875,-53.0804443359375,-106.8475341796875
2025-05-30 00:08:20.442,7.862011718750001,-1.05751953125,5.85703125,0.79345703125,-0.18310546875,0.732421875,-12.469482421875,-53.06396484375,-106.8475341796875
2025-05-30 00:08:20.562,7.871582031250001,-1.052734375,5.8666015625000005,0.0,0.0,-0.48828125,-12.425537109375,-53.06396484375,-106.8145751953125
2025-05-30 00:08:20.682,7.89072265625,-1.091015625,5.82353515625,0.6103515625,0.0,0.0,-12.3651123046875,-53.0694580078125,-106.8310546875
2025-05-30 00:08:20.802,7.89072265625,-1.0814453125,5.804394531250001,0.67138671875,-0.30517578125,0.244140625,-12.3211669921875,-53.0914306640625,-106.798095703125
2025-05-30 00:08:20.922,7.862011718750001,-1.0623046875000002,5.828320312500001,0.0,-0.30517578125,0.0,-12.3101806640625,-53.1024169921875,-106.776123046875
2025-05-30 00:08:21.042,7.89072265625,-1.07666015625,5.8187500000000005,0.0,-0.3662109375,-0.06103515625,-12.3046875,-53.1463623046875,-106.8035888671875
2025-05-30 00:08:21.162,7.89072265625,-1.0048828125,5.82353515625,-1.28173828125,0.18310546875,0.0,-12.3651123046875,-53.1353759765625,-106.7596435546875
2025-05-30 00:08:21.282,7.88115234375,-1.11494140625,5.82353515625,-2.0751953125,0.1220703125,-1.03759765625,-12.4749755859375,-53.15185546875,-106.9024658203125
2025-05-30 00:08:21.612,7.885937500000001,-1.1819335937500002,5.8474609375,-1.5869140625,0.30517578125,-0.67138671875,-12.72216796875,-53.0859375,-107.07275390625
2025-05-30 00:08:21.732,7.871582031250001,-1.06708984375,5.83310546875,0.0,0.3662109375,0.8544921875,-12.7935791015625,-53.0035400390625,-107.0452880859375
2025-05-30 00:08:21.852,7.866796875,-1.129296875,5.8426757812500005,-1.708984375,0.79345703125,-0.06103515625,-12.9254150390625,-52.9815673828125,-106.9903564453125
2025-05-30 00:08:21.987,7.8572265625,-1.20107421875,5.828320312500001,-0.67138671875,0.42724609375,0.06103515625,-13.0517578125,-52.899169921875,-107.0013427734375
2025-05-30 00:08:22.092,7.84287109375,-1.15322265625,5.8474609375,0.3662109375,0.0,0.06103515625,-13.084716796875,-52.88818359375,-106.98486328125
2025-05-30 00:08:22.212,7.8189453125,-1.1101562500000002,5.8426757812500005,-1.0986328125,-0.244140625,-0.79345703125,-13.0517578125,-52.921142578125,-107.0123291015625
2025-05-30 00:08:22.332,7.88115234375,-1.1340820312500002,5.86181640625,0.42724609375,0.0,0.06103515625,-12.996826171875,-52.9705810546875,-107.0782470703125
2025-05-30 00:08:22.452,7.885937500000001,-1.1340820312500002,5.8426757812500005,1.708984375,0.30517578125,0.42724609375,-12.89794921875,-52.9486083984375,-107.061767578125
2025-05-30 00:08:22.577,7.8763671875000005,-1.15322265625,5.88095703125,1.52587890625,1.3427734375,0.79345703125,-12.81005859375,-52.8607177734375,-106.98486328125
2025-05-30 00:08:22.692,7.871582031250001,-1.1580078125000002,5.8187500000000005,2.5634765625,2.197265625,1.52587890625,-12.711181640625,-52.66845703125,-106.8310546875
2025-05-30 00:08:22.812,7.905078125,-1.0958007812500001,5.876171875000001,5.0048828125,2.9296875,3.72314453125,-12.5299072265625,-52.3773193359375,-106.3916015625
2025-05-30 00:08:23.022,7.885937500000001,-1.091015625,5.952734375,1.8310546875,9.70458984375,4.7607421875,-12.579345703125,-51.1358642578125,-105.5291748046875
2025-05-30 00:08:23.142,7.6610351562500005,-1.2872070312500001,6.26376953125,-6.7138671875,14.6484375,2.86865234375,-13.0023193359375,-49.7186279296875,-105.3863525390625
2025-05-30 00:08:23.262,7.2303710937500005,-1.41640625,6.335546875,-1.77001953125,13.18359375,2.197265625,-13.4967041015625,-48.14208984375,-105.556640625
2025-05-30 00:08:23.397,7.0868164062500005,-1.4786132812500001,6.64658203125,1.0986328125,13.00048828125,3.41796875,-13.5406494140625,-46.571044921875,-105.5731201171875
2025-05-30 00:08:23.502,6.8619140625,-1.4068359375000001,6.8714843750000005,2.38037109375,10.80322265625,3.47900390625,-13.4417724609375,-45.1593017578125,-105.35888671875
2025-05-30 00:08:23.622,6.6561523437500005,-1.34462890625,7.058105468750001,4.82177734375,5.2490234375,2.99072265625,-13.2110595703125,-44.1156005859375,-104.9688720703125
2025-05-30 00:08:23.937,6.335546875,-1.31591796875,7.17294921875,-12.63427734375,-7.14111328125,-2.99072265625,-13.2550048828125,-43.5662841796875,-104.65576171875
2025-05-30 00:08:24.147,6.64658203125,-1.6460937500000001,6.6130859375,-15.5029296875,-16.4794921875,-19.95849609375,-14.0570068359375,-45.3021240234375,-106.5728759765625
2025-05-30 00:08:24.283,7.1825195312500005,-1.21064453125,6.282910156250001,15.07568359375,-36.19384765625,-5.2490234375,-12.8485107421875,-48.3673095703125,-107.545166015625
2025-05-30 00:08:24.387,7.8285156250000005,-0.9187500000000001,5.8091796875,20.20263671875,-36.376953125,-0.732421875,-10.7830810546875,-52.2894287109375,-107.40234375
2025-05-30 00:08:24.507,8.3931640625,-0.56943359375,5.2732421875,6.4697265625,-29.96826171875,0.6103515625,-9.9700927734375,-56.063232421875,-106.4630126953125
2025-05-30 00:08:24.627,8.8716796875,-0.8230468750000001,4.746875,5.37109375,-24.10888671875,-6.2255859375,-9.8382568359375,-59.403076171875,-106.1334228515625
2025-05-30 00:08:24.747,8.981738281250001,-0.50244140625,4.368847656250001,0.732421875,-25.20751953125,5.31005859375,-11.6400146484375,-62.3583984375,-103.7274169921875
2025-05-30 00:08:24.882,9.407617187500001,-0.7177734375,4.177441406250001,-5.43212890625,-10.1318359375,3.84521484375,-13.02978515625,-64.51171875,-102.45849609375
2025-05-30 00:08:24.987,9.321484375,-0.8374023437500001,3.52666015625,-19.1650390625,0.9765625,-7.26318359375,-15.27099609375,-65.1763916015625,-101.40380859375
2025-05-30 00:08:25.198,9.053515625000001,-1.0479492187500001,3.5649414062500004,-0.79345703125,-2.8076171875,-0.42724609375,-16.336669921875,-66.1761474609375,-100.87646484375
2025-05-30 00:08:25.317,9.101367187500001,-1.0048828125,3.8185546875000003,7.568359375,-3.11279296875,4.7607421875,-16.4410400390625,-66.4453125,-99.77783203125
2025-05-30 00:08:25.437,9.120507812500001,-0.8374023437500001,3.7419921875,-7.50732421875,1.0986328125,3.11279296875,-17.4957275390625,-66.4453125,-98.6077880859375
2025-05-30 00:08:25.557,9.05830078125,-1.22021484375,3.9333984375,-1.8310546875,10.009765625,-10.07080078125,-16.67724609375,-66.0223388671875,-100.3436279296875
2025-05-30 00:08:25.677,8.92431640625,-1.052734375,3.86162109375,10.8642578125,6.4697265625,5.2490234375,-14.69970703125,-65.0994873046875,-102.28271484375
2025-05-30 00:08:25.813,8.81904296875,-0.73212890625,4.10087890625,5.7373046875,3.84521484375,1.953125,-14.7161865234375,-64.4622802734375,-101.282958984375
2025-05-30 00:08:25.917,8.79990234375,-0.7991210937500001,4.297070312500001,0.1220703125,3.96728515625,-0.1220703125,-14.1448974609375,-64.061279296875,-101.5081787109375
2025-05-30 00:08:26.037,8.737695312500001,-0.8469726562500001,4.2635742187500005,-0.54931640625,1.40380859375,1.77001953125,-13.743896484375,-63.665771484375,-101.9256591796875
2025-05-30 00:08:26.157,8.790332031250001,-0.92353515625,4.17265625,0.244140625,-1.77001953125,0.6103515625,-13.6065673828125,-63.5943603515625,-102.3046875
2025-05-30 00:08:26.292,8.747265625,-0.8661132812500001,4.20615234375,0.54931640625,-4.57763671875,2.62451171875,-13.392333984375,-63.896484375,-102.4200439453125
2025-05-30 00:08:26.398,8.8908203125,-0.8421875000000001,4.30185546875,4.150390625,-3.90625,1.953125,-12.9803466796875,-64.35791015625,-102.601318359375
2025-05-30 00:08:26.607,8.8908203125,-0.6220703125,4.105664062500001,-0.244140625,-1.3427734375,1.46484375,-12.9638671875,-64.66552734375,-102.4365234375
2025-05-30 00:08:26.727,8.929101562500001,-0.7273437500000001,4.1678710937500005,1.77001953125,-1.77001953125,2.01416015625,-12.7496337890625,-64.8028564453125,-102.5628662109375
2025-05-30 00:08:26.848,8.92431640625,-0.7943359375000001,4.05302734375,-0.30517578125,0.1220703125,-1.52587890625,-12.7606201171875,-64.8907470703125,-102.5848388671875
2025-05-30 00:08:26.967,8.929101562500001,-0.7704101562500001,4.0721679687500005,-0.54931640625,-0.18310546875,0.30517578125,-12.81005859375,-64.940185546875,-102.5079345703125
2025-05-30 00:08:27.087,8.91474609375,-0.765625,4.10087890625,-2.13623046875,0.732421875,-0.1220703125,-12.94189453125,-64.9456787109375,-102.5299072265625
2025-05-30 00:08:27.207,8.92431640625,-0.76083984375,4.04345703125,-1.0986328125,-0.18310546875,2.25830078125,-13.1561279296875,-64.88525390625,-102.568359375
2025-05-30 00:08:27.342,8.900390625,-0.784765625,4.081738281250001,-3.41796875,0.18310546875,-0.1220703125,-13.326416015625,-64.86328125,-102.667236328125
2025-05-30 00:08:27.447,8.886035156250001,-0.8326171875,4.105664062500001,-2.38037109375,-0.18310546875,0.48828125,-13.3648681640625,-64.874267578125,-102.9583740234375
2025-05-30 00:08:27.567,8.905175781250001,-0.8517578125,4.033886718750001,-2.13623046875,-0.3662109375,0.18310546875,-13.5406494140625,-64.8797607421875,-103.1781005859375
2025-05-30 00:08:27.687,8.909960937500001,-0.8661132812500001,4.076953125,-2.197265625,-0.06103515625,-0.8544921875,-13.656005859375,-64.951171875,-103.33740234375
2025-05-30 00:08:28.032,8.91953125,-0.7943359375000001,4.081738281250001,3.173828125,-0.18310546875,1.46484375,-13.51318359375,-65.050048828125,-103.0792236328125
2025-05-30 00:08:28.137,8.909960937500001,-0.82783203125,4.0721679687500005,2.74658203125,-0.18310546875,1.52587890625,-13.29345703125,-65.050048828125,-102.9913330078125
2025-05-30 00:08:28.260,8.92431640625,-0.80390625,4.038671875,2.74658203125,-0.30517578125,1.15966796875,-13.2275390625,-65.0555419921875,-102.7880859375
2025-05-30 00:08:28.392,8.91953125,-0.8469726562500001,4.05302734375,1.15966796875,0.244140625,0.67138671875,-13.106689453125,-65.06103515625,-102.7496337890625
2025-05-30 00:08:28.498,8.909960937500001,-0.8182617187500001,4.038671875,1.0986328125,-0.30517578125,-0.06103515625,-13.0242919921875,-65.0775146484375,-102.7056884765625
2025-05-30 00:08:28.617,8.929101562500001,-0.7943359375000001,4.076953125,1.5869140625,-0.06103515625,-0.48828125,-12.9144287109375,-65.1434326171875,-102.645263671875
2025-05-30 00:08:28.737,8.929101562500001,-0.7751953125000001,4.06259765625,3.41796875,0.06103515625,1.15966796875,-12.7880859375,-65.137939453125,-102.4749755859375
2025-05-30 00:08:28.857,8.929101562500001,-0.7225585937500001,4.09130859375,2.25830078125,0.67138671875,0.0,-12.744140625,-65.10498046875,-102.095947265625
2025-05-30 00:08:28.993,8.881250000000001,-0.74169921875,4.0673828125,1.5869140625,0.3662109375,-0.244140625,-12.568359375,-65.050048828125,-101.97509765625
2025-05-30 00:08:29.097,8.92431640625,-0.7177734375,4.11044921875,1.03759765625,-0.8544921875,2.01416015625,-12.5079345703125,-65.06103515625,-101.788330078125
2025-05-30 00:08:29.217,8.909960937500001,-0.7034179687500001,4.081738281250001,1.0986328125,-0.67138671875,1.953125,-12.4365234375,-65.0665283203125,-101.7333984375
2025-05-30 00:08:29.548,8.929101562500001,-0.765625,4.0721679687500005,0.79345703125,0.0,-0.1220703125,-12.2772216796875,-65.126953125,-101.8817138671875
2025-05-30 00:08:29.667,8.91953125,-0.7369140625,4.10087890625,0.0,0.54931640625,-1.0986328125,-12.271728515625,-65.159912109375,-101.8267822265625
2025-05-30 00:08:29.787,8.92431640625,-0.7177734375,4.06259765625,-0.18310546875,0.67138671875,-1.220703125,-12.28271484375,-65.137939453125,-101.8048095703125
2025-05-30 00:08:29.907,8.89560546875,-0.6986328125000001,4.0960937500000005,0.1220703125,-0.6103515625,1.64794921875,-12.2222900390625,-65.126953125,-101.8212890625
2025-05-30 00:08:30.027,8.91474609375,-0.7225585937500001,4.06259765625,0.0,-1.40380859375,1.953125,-12.249755859375,-65.14892578125,-101.8487548828125
2025-05-30 00:08:30.147,8.94345703125,-0.7751953125000001,4.057812500000001,-0.244140625,-0.91552734375,0.732421875,-12.15087890625,-65.247802734375,-102.008056640625
2025-05-30 00:08:30.267,8.953027343750001,-0.80390625,4.033886718750001,-0.48828125,-0.42724609375,-0.732421875,-12.2332763671875,-65.335693359375,-102.0574951171875
2025-05-30 00:08:30.387,8.938671875,-0.7369140625,4.009960937500001,-1.5869140625,-0.18310546875,-1.46484375,-12.4200439453125,-65.445556640625,-101.9366455078125
2025-05-30 00:08:30.492,8.953027343750001,-0.7369140625,4.00517578125,-1.28173828125,-1.03759765625,-0.48828125,-12.5189208984375,-65.5224609375,-101.942138671875
2025-05-30 00:08:30.597,8.8716796875,-0.5790039062500001,3.8424804687500003,-12.8173828125,-5.7373046875,0.732421875,-13.5186767578125,-65.8575439453125,-101.40380859375
2025-05-30 00:08:30.702,9.120507812500001,-1.0958007812500001,3.5649414062500004,-10.986328125,-10.68115234375,-9.1552734375,-14.65576171875,-67.08251953125,-102.12890625
2025-05-30 00:08:30.912,9.54638671875,-1.21064453125,3.3448242187500004,11.474609375,-12.5732421875,4.150390625,-18.7261962890625,-69.378662109375,-98.54736328125
2025-05-30 00:08:31.032,9.08701171875,-0.5837890625000001,3.3017578125000004,3.5400390625,-9.33837890625,19.59228515625,-21.7364501953125,-69.7796630859375,-93.087158203125
2025-05-30 00:08:31.152,9.072656250000001,-1.01923828125,3.3400390625000003,-10.80322265625,-7.8125,11.1083984375,-24.422607421875,-70.1641845703125,-90.3955078125
2025-05-30 00:08:31.272,9.287988281250001,-1.9044921875,2.94287109375,-0.54931640625,7.32421875,-12.20703125,-24.0765380859375,-70.235595703125,-91.5435791015625
2025-05-30 00:08:31.602,9.15400390625,-1.2872070312500001,3.1964843750000003,-0.9765625,-0.6103515625,2.74658203125,-27.454833984375,-69.5599365234375,-79.881591796875
2025-05-30 00:08:31.722,9.197070312500001,-1.68916015625,3.1534179687500004,-11.23046875,5.79833984375,-10.8642578125,-27.9327392578125,-69.576416015625,-80.079345703125
2025-05-30 00:08:31.842,9.15400390625,-1.6221679687500001,2.9380859375000004,0.18310546875,0.9765625,0.9765625,-27.7734375,-69.422607421875,-81.10107421875
2025-05-30 00:08:31.977,9.21142578125,-1.5408203125000002,3.1055664062500004,2.685546875,-2.74658203125,1.953125,-27.9547119140625,-69.510498046875,-80.8209228515625
2025-05-30 00:08:32.082,9.21142578125,-1.5982421875000001,3.03857421875,1.220703125,-2.01416015625,1.220703125,-27.6416015625,-69.6917724609375,-81.2548828125
2025-05-30 00:08:32.397,9.244921875000001,-1.4642578125,3.043359375,1.8310546875,-2.0751953125,2.5634765625,-27.158203125,-70.037841796875,-82.2271728515625
2025-05-30 00:08:32.607,9.220996093750001,-1.4786132812500001,3.0146484375,0.67138671875,0.18310546875,-0.1220703125,-27.2515869140625,-70.037841796875,-82.3095703125
2025-05-30 00:08:32.727,9.2353515625,-1.4786132812500001,2.99072265625,1.64794921875,0.06103515625,0.54931640625,-27.4383544921875,-70.0213623046875,-82.0843505859375
2025-05-30 00:08:33.042,9.2353515625,-1.4833984375,2.9955078125,-0.30517578125,-0.79345703125,1.3427734375,-27.872314453125,-70.07080078125,-81.573486328125
2025-05-30 00:08:33.252,9.23056640625,-1.53125,2.94765625,-3.11279296875,0.0,-0.3662109375,-28.212890625,-70.13671875,-81.6998291015625
2025-05-30 00:08:33.387,9.240136718750001,-1.5264648437500001,2.9859375000000004,-0.8544921875,0.0,0.244140625,-28.3502197265625,-70.1751708984375,-81.7437744140625
2025-05-30 00:08:33.492,9.22578125,-1.5168945312500002,2.94287109375,-2.197265625,0.06103515625,-0.8544921875,-28.5150146484375,-70.1806640625,-81.7767333984375
2025-05-30 00:08:33.613,9.2353515625,-1.5503906250000001,2.9572265625000003,-1.64794921875,0.30517578125,-0.732421875,-28.6358642578125,-70.2301025390625,-81.925048828125
2025-05-30 00:08:33.732,9.220996093750001,-1.5503906250000001,2.9763671875,0.6103515625,0.6103515625,-1.40380859375,-28.7347412109375,-70.2410888671875,-81.9140625
2025-05-30 00:08:33.867,9.24970703125,-1.5264648437500001,2.92373046875,0.54931640625,0.0,-0.8544921875,-28.6138916015625,-70.2520751953125,-82.0294189453125
2025-05-30 00:08:33.972,9.220996093750001,-1.435546875,3.00029296875,0.0,-0.6103515625,0.732421875,-28.7841796875,-70.3399658203125,-81.925048828125
2025-05-30 00:08:34.093,9.2544921875,-1.56953125,2.9141601562500004,0.06103515625,-0.30517578125,2.50244140625,-28.4930419921875,-70.345458984375,-82.452392578125
2025-05-30 00:08:34.212,9.2544921875,-1.5886718750000002,2.97158203125,-2.62451171875,2.8076171875,-2.99072265625,-28.80615234375,-70.2630615234375,-82.2930908203125
2025-05-30 00:08:34.542,9.25927734375,-1.56953125,3.0098632812500004,2.13623046875,0.0,1.52587890625,-28.3282470703125,-70.0872802734375,-82.6226806640625
2025-05-30 00:08:34.677,9.2353515625,-1.5599609375,2.966796875,-0.48828125,0.8544921875,-0.6103515625,-28.2073974609375,-69.9884033203125,-82.8094482421875
