timestamp,ax (m/s^2),ay (m/s^2),az (m/s^2),wx (deg/s),wy (deg/s),wz (deg/s),roll (deg),pitch (deg),yaw (deg),tilt angle (deg)
2025-05-27 21:25:48.392,8.134765625,2.5169921875,-4.655957031250001,6.4697265625,-7.62939453125,-3.2958984375,151.6387939453125,-56.75537109375,-84.232177734375,74.96854712238961
2025-05-27 21:25:48.638,7.9959960937500005,2.5026367187500003,-4.751660156250001,-0.3662109375,-1.64794921875,3.173828125,152.40234375,-56.6510009765625,-84.0069580078125,74.94047288921593
2025-05-27 21:25:48.801,7.9146484375,2.354296875,-4.823437500000001,-0.79345703125,-1.46484375,0.8544921875,152.764892578125,-56.4752197265625,-83.5894775390625,75.74785869353435
2025-05-27 21:25:48.932,7.905078125,2.392578125,-4.847363281250001,-1.52587890625,-0.42724609375,2.01416015625,152.9132080078125,-56.42578125,-83.067626953125,75.53222887219808
2025-05-27 21:25:49.054,7.89072265625,2.3877929687500004,-4.87607421875,0.0,-6.77490234375,1.220703125,153.204345703125,-56.1126708984375,-82.6995849609375,75.56416854655748
2025-05-27 21:25:49.186,7.8285156250000005,2.32080078125,-4.9,-6.591796875,-21.3623046875,-1.03759765625,153.995361328125,-54.788818359375,-83.1610107421875,75.89423891136025
2025-05-27 21:25:49.312,7.84287109375,2.34951171875,-5.1201171875,-12.6953125,-47.607421875,-17.02880859375,154.1107177734375,-50.9271240234375,-83.572998046875,75.91796692852962
2025-05-27 21:25:49.380,7.2447265625,2.27294921875,-5.263671875,-27.52685546875,-64.208984375,-4.7607421875,154.35791015625,-47.471923828125,-85.4901123046875,75.75802442568603
2025-05-27 21:25:49.496,6.593945312500001,1.5743164062500001,-5.4359375000000005,-1.40380859375,-16.11328125,5.31005859375,156.038818359375,-43.6541748046875,-87.03369140625,79.56185893679935
2025-05-27 21:25:49.590,4.3832031250000005,1.6604492187500002,-6.31162109375,15.13671875,-44.3115234375,-44.98291015625,159.2852783203125,-40.2813720703125,-84.1717529296875,77.80686112019086
2025-05-27 21:25:49.716,5.11533203125,3.45009765625,-6.565234375,-69.2138671875,-42.29736328125,-27.16064453125,153.7921142578125,-33.321533203125,-81.2603759765625,67.48423698151105
2025-05-27 21:25:49.813,4.9861328125,5.8474609375,-9.130078125,-47.36328125,-39.1845703125,7.080078125,147.9803466796875,-30.849609375,-81.1505126953125,60.65964305993754
2025-05-27 21:25:49.935,4.29228515625,5.8187500000000005,-8.713769531250001,12.3291015625,-44.7998046875,3.84521484375,147.513427734375,-27.88330078125,-83.5784912109375,59.07700197589911
2025-05-27 21:25:50.036,3.1486328125000003,4.47412109375,-7.3787109375,-12.8173828125,-13.7939453125,-17.822265625,149.39208984375,-25.6475830078125,-82.5457763671875,60.8515046327499
2025-05-27 21:25:50.177,2.76103515625,4.20615234375,-6.904980468750001,-37.29248046875,-8.6669921875,11.71875,148.2659912109375,-23.3843994140625,-80.8978271484375,60.507222442014836
2025-05-27 21:25:50.238,0.0861328125,7.50791015625,-8.4888671875,-11.23046875,-630.859375,-56.94580078125,146.1895751953125,-8.6297607421875,-92.70263671875,48.51057068991404
2025-05-27 21:25:50.355,-1.3733398437500002,6.6130859375,-6.881054687500001,125.67138671875,246.337890625,45.47119140625,136.8402099609375,5.723876953125,-99.8272705078125,46.69644462920344
2025-05-27 21:25:50.444,-0.593359375,5.8857421875,-7.4696289062500005,18.5546875,2.5634765625,27.4658203125,146.1236572265625,-5.9930419921875,-95.2789306640625,51.85099996401606
2025-05-27 21:25:50.563,0.92353515625,5.5220703125,-8.26875,23.86474609375,25.08544921875,4.5166015625,149.1998291015625,-11.4422607421875,-94.4219970703125,56.42788091272655
2025-05-27 21:25:50.666,0.6268554687500001,4.0673828125,-8.957812500000001,34.423828125,1.3427734375,-52.001953125,153.65478515625,-8.2891845703125,-91.3677978515625,65.63174949180399
2025-05-27 21:25:50.791,-1.7609375,3.9525390625,-9.321484375,21.240234375,-71.77734375,-5.43212890625,151.292724609375,-7.833251953125,-86.956787109375,67.38069984931349
2025-05-27 21:25:50.881,0.17705078125,4.823437500000001,-8.163476562500001,4.21142578125,20.751953125,-30.517578125,150.4962158203125,-6.35009765625,-85.133056640625,59.428936080639794
2025-05-27 21:25:51.005,0.63642578125,3.81376953125,-8.048632812500001,4.39453125,-1.220703125,-26.67236328125,150.6005859375,-4.295654296875,-81.4251708984375,64.71553107235783
2025-05-27 21:25:51.095,0.30146484375000004,4.560253906250001,-8.19697265625,-3.662109375,40.83251953125,16.66259765625,152.0782470703125,-5.888671875,-81.1505126953125,60.927776546996185
2025-05-27 21:25:51.229,-0.7895507812500001,3.1007812500000003,-7.73759765625,-34.5458984375,-61.1572265625,98.08349609375,150.1226806640625,-6.163330078125,-83.529052734375,68.26421737148813
2025-05-27 21:25:51.321,4.612890625,5.4646484375,-7.2830078125,-120.17822265625,-80.87158203125,439.208984375,146.568603515625,-26.773681640625,-115.279541015625,57.63023607862744
2025-05-27 21:25:51.451,4.77080078125,4.14873046875,-7.31650390625,20.1416015625,3.23486328125,-8.1787109375,150.8477783203125,-31.3275146484375,-127.265625,64.59316298803328
2025-05-27 21:25:51.533,4.871289062500001,4.0003906250000005,-7.7088867187500005,24.5361328125,-10.43701171875,-21.17919921875,153.720703125,-29.7454833984375,-126.14501953125,66.31357210099384
2025-05-27 21:25:51.671,4.421484375,3.9333984375,-7.83330078125,9.3994140625,6.103515625,-21.30126953125,153.8580322265625,-28.1524658203125,-123.7554931640625,66.38086944070776
2025-05-27 21:25:51.724,4.7660156250000005,3.71806640625,-7.622753906250001,2.13623046875,41.56494140625,-10.19287109375,153.577880859375,-30.2838134765625,-119.8663330078125,67.53123612668568
2025-05-27 21:25:51.836,4.63681640625,3.5075195312500003,-7.38828125,30.3955078125,19.4091796875,-17.39501953125,154.2864990234375,-31.4263916015625,-117.6031494140625,68.09441716030115
2025-05-27 21:25:51.923,4.9765625,3.8041992187500004,-7.3787109375,26.123046875,35.82763671875,-44.98291015625,154.522705078125,-32.9644775390625,-112.027587890625,66.85649264290885
2025-05-27 21:25:52.037,5.325878906250001,3.6750000000000003,-7.407421875000001,59.63134765625,41.68701171875,-35.400390625,156.1376953125,-34.7222900390625,-105.0128173828125,68.05972950671472
2025-05-27 21:25:52.125,5.2349609375,2.8375976562500003,-6.890625000000001,18.6767578125,-6.8359375,-19.1650390625,156.4398193359375,-34.134521484375,-100.6732177734375,71.84527457634445
2025-05-27 21:25:52.238,4.38798828125,2.7945312500000004,-6.6609375,-32.40966796875,-34.72900390625,-6.40869140625,156.104736328125,-32.2064208984375,-100.3271484375,70.69203375533954
2025-05-27 21:25:52.330,4.7420898437500005,3.7419921875,-7.991210937500001,7.01904296875,-12.8173828125,4.8828125,156.11572265625,-30.904541015625,-101.129150390625,68.06544758859042
2025-05-27 21:25:52.450,4.498046875,3.5170898437500004,-8.0390625,-27.03857421875,-33.38623046875,5.9814453125,157.774658203125,-28.4271240234375,-103.7933349609375,69.10320052022655
2025-05-27 21:25:52.542,4.38798828125,3.1725585937500003,-8.0103515625,-17.15087890625,-13.7939453125,0.67138671875,156.81884765625,-27.3614501953125,-104.842529296875,70.84505110887356
2025-05-27 21:25:52.660,4.0721679687500005,3.4596679687500003,-7.943359375000001,-3.35693359375,-4.2724609375,2.3193359375,156.0498046875,-26.3836669921875,-105.501708984375,68.81467715271934
2025-05-27 21:25:52.752,4.05302734375,3.5075195312500003,-7.9242187500000005,10.31494140625,19.34814453125,-9.70458984375,156.3409423828125,-26.8560791015625,-104.7930908203125,68.49170306967865
2025-05-27 21:25:52.872,4.4789062500000005,3.3448242187500004,-7.8285156250000005,0.42724609375,18.61572265625,-17.2119140625,156.0882568359375,-28.3612060546875,-101.810302734375,69.6524333511941
2025-05-27 21:25:52.965,4.43583984375,3.2730468750000004,-7.73759765625,1.46484375,-2.50244140625,-3.2958984375,155.7916259765625,-28.5589599609375,-100.5303955078125,69.84797237209513
2025-05-27 21:25:53.098,4.38798828125,3.2634765625,-7.799804687500001,-1.0986328125,-1.89208984375,-2.01416015625,155.5609130859375,-27.9052734375,-100.546875,69.96513375599706
2025-05-27 21:25:53.222,4.320996093750001,3.5362304687500004,-7.799804687500001,-6.103515625,5.0048828125,-2.685546875,155.269775390625,-27.938232421875,-100.2557373046875,68.3675121880376
2025-05-27 21:25:53.313,4.66552734375,3.7324218750000004,-7.7328125000000005,1.5869140625,37.78076171875,-19.34814453125,153.9569091796875,-29.15771484375,-98.4100341796875,67.54574924894735
2025-05-27 21:25:53.404,4.76123046875,3.7037109375000004,-7.4696289062500005,2.99072265625,14.0380859375,-5.43212890625,153.21533203125,-30.52001953125,-96.3116455078125,67.30926389594744
2025-05-27 21:25:53.526,4.9861328125,3.6367187500000004,-7.60361328125,-3.41796875,7.99560546875,-2.197265625,152.698974609375,-30.8935546875,-95.4876708984375,68.20046473935525
2025-05-27 21:25:53.623,5.3402343750000005,4.1200195312500005,-8.1826171875,-6.65283203125,10.92529296875,1.89208984375,151.9244384765625,-31.563720703125,-94.8614501953125,67.13698942594584
2025-05-27 21:25:53.752,5.2923828125000005,4.5985351562500005,-8.35009765625,-7.32421875,18.98193359375,-23.13232421875,149.4415283203125,-32.4920654296875,-91.285400390625,65.05426020906668
2025-05-27 21:25:53.849,5.2158203125,4.48369140625,-7.3500000000000005,12.6953125,36.376953125,0.06103515625,148.612060546875,-33.9422607421875,-86.9842529296875,63.550093204059706
2025-05-27 21:25:53.972,5.85703125,4.612890625,-7.608398437500001,38.63525390625,38.14697265625,1.5869140625,148.2550048828125,-36.9964599609375,-82.3974609375,64.33922387762144
2025-05-27 21:25:54.067,5.3115234375,2.9333007812500003,-5.646484375,20.93505859375,45.83740234375,-8.9111328125,150.0457763671875,-39.078369140625,-78.343505859375,69.27396627910122
2025-05-27 21:25:54.193,6.2494140625000005,2.928515625,-5.67041015625,-6.8359375,61.1572265625,0.48828125,147.5079345703125,-43.39599609375,-73.0206298828125,70.86112316870606
2025-05-27 21:25:54.284,6.364257812500001,3.1247070312500003,-4.57939453125,3.5400390625,39.306640625,1.8310546875,146.5191650390625,-46.812744140625,-70.1092529296875,68.27122047796593
2025-05-27 21:25:54.406,8.043847656250001,3.40224609375,-4.679882812500001,7.38525390625,74.951171875,8.7890625,141.92138671875,-52.0697021484375,-63.9239501953125,69.91807342017903
2025-05-27 21:25:54.497,8.67548828125,3.6319335937500004,-3.7228515625000003,20.56884765625,52.30712890625,-8.72802734375,136.5435791015625,-56.3873291015625,-55.5084228515625,68.95742315217971
2025-05-27 21:25:54.621,8.1826171875,3.3017578125000004,-2.66533203125,4.82177734375,24.7802734375,8.23974609375,134.9395751953125,-58.9691162109375,-51.56982421875,69.00978693192916
2025-05-27 21:25:54.744,8.718554687500001,3.16298828125,-2.46435546875,-9.765625,32.77587890625,17.88330078125,132.5335693359375,-62.1771240234375,-49.207763671875,70.7553904536764
2025-05-27 21:25:54.836,8.89560546875,2.8136718750000003,-1.9714843750000002,6.16455078125,11.1083984375,2.44140625,130.528564453125,-64.808349609375,-46.99951171875,72.83899236039736
2025-05-27 21:25:54.930,8.957812500000001,2.56484375,-2.01455078125,0.244140625,4.69970703125,1.03759765625,129.2376708984375,-65.5224609375,-45.230712890625,74.39241926454994
2025-05-27 21:25:55.055,9.072656250000001,2.4834960937500004,-2.0767578125000004,-0.18310546875,6.34765625,-5.06591796875,127.716064453125,-65.8685302734375,-43.4564208984375,75.05969308095554
2025-05-27 21:25:55.149,9.1779296875,3.0098632812500004,-2.13896484375,-1.28173828125,6.591796875,-2.3193359375,126.0626220703125,-66.3409423828125,-41.846923828125,72.2872067178118
2025-05-27 21:25:55.273,9.005664062500001,3.33046875,-2.04326171875,3.0517578125,4.08935546875,-0.244140625,125.0958251953125,-66.7254638671875,-40.71533203125,70.16800464430173
2025-05-27 21:25:55.368,8.938671875,3.06728515625,-1.87099609375,9.3994140625,4.39453125,-4.57763671875,124.56298828125,-66.763916015625,-39.5672607421875,71.43439795472489
2025-05-27 21:25:55.494,9.096582031250001,2.7466796875000004,-1.9332031250000001,0.244140625,1.8310546875,-2.62451171875,123.541259765625,-66.5716552734375,-37.94677734375,73.54547841402405
2025-05-27 21:25:55.587,9.144433593750001,3.03857421875,-2.0001953125000003,-4.5166015625,0.91552734375,-0.91552734375,122.794189453125,-66.8133544921875,-37.4578857421875,72.01594502922033
2025-05-27 21:25:55.701,8.96259765625,3.16298828125,-1.8614257812500001,0.1220703125,-0.91552734375,-2.50244140625,122.5140380859375,-66.8353271484375,-37.46337890625,70.93811601919055
2025-05-27 21:25:55.785,9.024804687500001,3.0816406250000004,-1.91884765625,1.64794921875,1.8310546875,-1.40380859375,122.1240234375,-66.7474365234375,-37.2052001953125,71.53081678731917
2025-05-27 21:25:55.904,9.1109375,3.23955078125,-2.0241210937500003,-0.6103515625,1.52587890625,0.6103515625,121.585693359375,-66.9122314453125,-36.826171875,70.8578863976063
2025-05-27 21:25:55.987,9.000878906250001,3.1247070312500003,-1.79921875,0.3662109375,1.5869140625,-0.67138671875,121.376953125,-67.08251953125,-36.67236328125,71.20033743465575
2025-05-27 21:25:56.103,9.048730468750001,3.02421875,-1.8470703125,0.91552734375,1.52587890625,-0.6103515625,121.0528564453125,-67.1649169921875,-36.3922119140625,71.86833712122515
2025-05-27 21:25:56.212,9.01044921875,3.1773437500000004,-1.894921875,0.3662109375,0.732421875,0.06103515625,120.8551025390625,-67.3187255859375,-36.2493896484375,70.9614507825811
2025-05-27 21:25:56.300,8.9482421875,3.119921875,-1.78486328125,-0.48828125,-0.67138671875,-0.54931640625,120.7891845703125,-67.30224609375,-36.4141845703125,71.1230352935017
2025-05-27 21:25:56.387,8.9673828125,3.2299804687500004,-1.856640625,-1.8310546875,-0.30517578125,0.30517578125,120.750732421875,-67.3626708984375,-36.54052734375,70.57166455178388
2025-05-27 21:25:56.504,8.78076171875,3.3017578125000004,-1.7130859375,-12.26806640625,-6.16455078125,-5.18798828125,120.4595947265625,-67.1209716796875,-36.947021484375,69.74272682865022
2025-05-27 21:25:56.591,8.9482421875,3.1677734375,-1.6987304687500002,-9.70458984375,-4.08935546875,-3.173828125,119.5477294921875,-66.33544921875,-37.6116943359375,70.82237692022038
2025-05-27 21:25:56.706,9.06787109375,3.4405273437500004,-1.9236328125000002,-10.68115234375,-4.5166015625,-0.6103515625,118.927001953125,-65.93994140625,-38.1939697265625,69.63709234451953
2025-05-27 21:25:56.794,8.708984375,3.617578125,-1.8757812500000002,-13.916015625,-11.29150390625,-3.5400390625,119.146728515625,-65.5279541015625,-39.451904296875,67.89928485405146
2025-05-27 21:25:56.907,8.823828125,3.5984375,-1.9044921875,-5.2490234375,-7.080078125,-6.65283203125,118.8885498046875,-64.6490478515625,-40.045166015625,68.26630295992129
2025-05-27 21:25:56.998,8.75205078125,3.83291015625,-1.9858398437500002,-3.11279296875,-8.72802734375,-4.33349609375,119.5697021484375,-63.87451171875,-41.0504150390625,66.8732442877356
2025-05-27 21:25:57.112,8.79990234375,3.6367187500000004,-2.3830078125000003,-3.0517578125,-8.36181640625,-0.91552734375,120.34423828125,-63.0889892578125,-42.0281982421875,68.25291017470782
2025-05-27 21:25:57.202,8.65634765625,3.9333984375,-2.4787109375000003,0.91552734375,-9.3994140625,-1.220703125,121.4483642578125,-62.677001953125,-42.9730224609375,66.40244669134243
2025-05-27 21:25:57.318,8.29267578125,4.0291015625,-2.44521484375,1.28173828125,-14.7705078125,-3.35693359375,123.2281494140625,-61.7266845703125,-44.6209716796875,65.0132774119961
2025-05-27 21:25:57.406,8.3166015625,4.320996093750001,-2.7658203125000003,9.8876953125,-17.51708984375,1.3427734375,125.584716796875,-61.0235595703125,-46.439208984375,63.756065719567864
2025-05-27 21:25:57.522,8.60849609375,3.2060546875000004,-3.2443359375000003,6.2255859375,-24.10888671875,13.12255859375,129.19921875,-59.65576171875,-50.2130126953125,70.78651122946938
2025-05-27 21:25:57.637,8.2974609375,3.6080078125000004,-3.5505859375,15.869140625,-23.86474609375,2.74658203125,134.7308349609375,-59.1943359375,-55.074462890625,68.20996639707778
2025-05-27 21:25:57.726,8.07734375,3.00029296875,-3.90947265625,15.0146484375,-29.6630859375,0.42724609375,139.053955078125,-57.513427734375,-58.0352783203125,71.51302478257186
2025-05-27 21:25:57.813,7.905078125,2.660546875,-4.96220703125,11.29150390625,-58.89892578125,7.01904296875,143.3990478515625,-54.755859375,-61.8255615234375,74.08957269495274
2025-05-27 21:25:57.935,6.914550781250001,2.99072265625,-5.608203125,29.296875,-68.7255859375,10.986328125,151.2103271484375,-49.317626953125,-69.169921875,71.43156517454264
2025-05-27 21:25:58.024,5.756542968750001,2.18203125,-6.11064453125,8.1787109375,-75.5615234375,-11.23046875,157.291259765625,-42.2039794921875,-74.608154296875,75.43023115062867
2025-05-27 21:25:58.146,4.87607421875,2.1246093750000004,-6.4168945312500005,20.32470703125,-59.02099609375,55.7861328125,162.9931640625,-36.7547607421875,-79.310302734375,75.23160169127593
2025-05-27 21:25:58.236,5.6273437500000005,1.39248046875,-8.761621093750001,-0.18310546875,-78.67431640625,62.56103515625,166.3604736328125,-32.991943359375,-85.1220703125,82.38338229274619
2025-05-27 21:25:58.374,3.5075195312500003,1.1436523437500001,-8.517578125,19.53125,-82.8857421875,56.7626953125,171.3262939453125,-27.4383544921875,-92.362060546875,82.92267155088851
2025-05-27 21:25:58.469,2.42607421875,0.5120117187500001,-8.60849609375,7.568359375,-59.14306640625,23.3154296875,174.605712890625,-22.0770263671875,-96.2677001953125,86.7235361374012
2025-05-27 21:25:58.594,1.6125976562500002,1.36376953125,-8.713769531250001,-4.33349609375,-35.58349609375,-1.28173828125,176.539306640625,-18.1549072265625,-98.54736328125,81.25114381938535
2025-05-27 21:25:58.684,0.97138671875,0.61728515625,-9.06787109375,-31.982421875,-64.453125,-0.9765625,175.93505859375,-12.9638671875,-98.7890625,86.1277489232759
2025-05-27 21:25:58.805,-0.52158203125,0.8900390625000001,-9.508105468750001,-42.1142578125,-44.12841796875,1.15966796875,171.8316650390625,-7.283935546875,-98.9483642578125,84.6601961758881
2025-05-27 21:25:58.897,-1.5982421875000001,1.8470703125,-9.11572265625,-26.4892578125,-19.4091796875,-11.8408203125,167.6019287109375,-2.384033203125,-98.6517333984375,78.71318896621183
2025-05-27 21:25:59.019,0.9666015625000001,2.6988281250000004,-10.3263671875,-1.40380859375,5.9814453125,-9.82666015625,167.8875732421875,-3.6474609375,-97.5750732421875,75.41421387340205
2025-05-27 21:25:59.108,0.019140625,1.3972656250000002,-9.45068359375,-0.54931640625,4.8828125,-8.36181640625,167.4151611328125,-2.603759765625,-96.7071533203125,81.58987092015919
2025-05-27 21:25:59.263,-0.52158203125,1.7944335937500002,-9.35498046875,-1.708984375,-10.498046875,5.67626953125,167.596435546875,-1.95556640625,-97.2015380859375,79.15808883816769
2025-05-27 21:25:59.325,-0.6986328125000001,2.2394531250000003,-8.9673828125,-4.0283203125,-6.28662109375,3.90625,167.3492431640625,-1.065673828125,-97.6080322265625,76.01884260267003
2025-05-27 21:25:59.454,-0.7464843750000001,1.990625,-9.13486328125,-4.8828125,4.21142578125,4.2724609375,166.849365234375,-0.889892578125,-97.36083984375,77.74617670654675
2025-05-27 21:25:59.577,-0.47851562500000006,2.1676757812500003,-9.335839843750001,-3.90625,5.7373046875,3.90625,166.5032958984375,-1.1370849609375,-97.1246337890625,76.94474378796488
2025-05-27 21:25:59.670,-0.33974609375000003,2.277734375,-9.383691406250001,0.48828125,3.84521484375,2.86865234375,166.46484375,-1.329345703125,-96.8719482421875,76.36488179503156
2025-05-27 21:25:59.763,-0.3541015625,2.1006835937500004,-9.340625000000001,2.13623046875,2.3193359375,4.7607421875,166.5252685546875,-1.461181640625,-96.6522216796875,77.33400862620081
2025-05-27 21:25:59.886,-0.32539062500000004,2.1150390625,-9.125292968750001,-0.67138671875,0.18310546875,3.5400390625,166.61865234375,-1.4337158203125,-96.6082763671875,76.9585428200804
2025-05-27 21:25:59.981,-0.36367187500000003,2.1341796875,-9.120507812500001,-3.47900390625,1.52587890625,0.244140625,166.4044189453125,-1.4117431640625,-96.3720703125,76.83996544018324
2025-05-27 21:26:00.106,-0.25361328125000004,2.1198242187500003,-9.18271484375,-3.11279296875,7.62939453125,1.46484375,166.0308837890625,-1.6644287109375,-95.921630859375,77.00580881747034
2025-05-27 21:26:00.196,-0.10527343750000001,2.1437500000000003,-9.292773437500001,0.18310546875,7.01904296875,1.5869140625,165.8880615234375,-2.2412109375,-95.416259765625,77.01049799260286
2025-05-27 21:26:00.320,0.16269531250000002,2.18203125,-9.321484375,-0.48828125,4.57763671875,-1.46484375,166.080322265625,-2.735595703125,-95.042724609375,76.82700974361116
2025-05-27 21:26:00.412,0.10527343750000001,2.009765625,-9.27841796875,-1.52587890625,3.11279296875,2.62451171875,166.025390625,-2.87841796875,-94.669189453125,77.77893314268145
2025-05-27 21:26:00.549,0.172265625,2.25859375,-9.35498046875,2.685546875,1.03759765625,5.2490234375,166.0968017578125,-3.021240234375,-94.7406005859375,76.42891636344481
2025-05-27 21:26:00.643,0.13876953125000002,2.0671875,-9.2544921875,1.52587890625,-1.89208984375,0.244140625,166.552734375,-2.96630859375,-94.85595703125,77.40984136347028
2025-05-27 21:26:00.801,0.06220703125,1.8901367187500002,-9.21142578125,-1.3427734375,1.46484375,2.01416015625,166.607666015625,-2.8125,-94.6746826171875,78.4044200673541
2025-05-27 21:26:00.864,0.13398437500000002,2.1246093750000004,-9.220996093750001,-2.01416015625,2.3193359375,1.28173828125,166.4483642578125,-2.9443359375,-94.647216796875,77.02625161371634
2025-05-27 21:26:00.992,0.2009765625,2.0480468750000003,-9.2736328125,-1.28173828125,1.708984375,0.67138671875,166.376953125,-3.01025390625,-94.4329833984375,77.54917479737618
2025-05-27 21:26:01.087,0.22490234375,2.0384765625,-9.22578125,-1.52587890625,2.0751953125,0.67138671875,166.3494873046875,-3.0706787109375,-94.24072265625,77.54402066422597
2025-05-27 21:26:01.217,0.26318359375,2.01455078125,-9.2736328125,-5.615234375,5.7373046875,1.40380859375,166.1517333984375,-3.2684326171875,-94.0814208984375,77.74860200986515
2025-05-27 21:26:01.311,0.35888671875,2.162890625,-9.30234375,0.0,2.01416015625,1.708984375,165.992431640625,-3.5760498046875,-93.944091796875,76.92010372183357
2025-05-27 21:26:01.440,0.37802734375,2.11025390625,-9.2736328125,1.46484375,1.5869140625,0.91552734375,166.1077880859375,-3.7188720703125,-93.8397216796875,77.19068757526193
2025-05-27 21:26:01.534,0.36845703125,2.0767578125000004,-9.1779296875,0.91552734375,5.7373046875,0.6103515625,166.278076171875,-4.06494140625,-93.6199951171875,77.25990131230779
2025-05-27 21:26:01.662,0.58857421875,2.0480468750000003,-9.240136718750001,0.30517578125,9.033203125,0.3662109375,166.35498046875,-4.74609375,-93.2904052734375,77.52709769372895
2025-05-27 21:26:01.757,0.7560546875,1.97626953125,-9.311914062500001,-0.732421875,6.34765625,1.46484375,166.3934326171875,-5.3887939453125,-93.0322265625,78.05606055259604
2025-05-27 21:26:01.889,0.80390625,2.0193359375,-9.24970703125,0.3662109375,2.86865234375,1.8310546875,166.4703369140625,-5.745849609375,-92.92236328125,77.72962888867555
2025-05-27 21:26:01.984,0.7369140625,1.9858398437500002,-9.168359375000001,-0.30517578125,2.9296875,1.708984375,166.5252685546875,-5.9381103515625,-92.823486328125,77.81679665772036
2025-05-27 21:26:02.112,0.8326171875,1.9954101562500002,-9.168359375000001,-2.86865234375,3.662109375,0.0,166.4483642578125,-6.1907958984375,-92.7081298828125,77.77037344242365
2025-05-27 21:26:02.206,0.9953125,1.9810546875000001,-9.220996093750001,-7.080078125,9.94873046875,1.64794921875,166.025390625,-6.800537109375,-92.4884033203125,77.94275741954269
2025-05-27 21:26:02.368,1.244140625,2.03369140625,-9.034375,-9.6435546875,25.5126953125,6.89697265625,165.179443359375,-8.9044189453125,-92.1588134765625,77.42866188048876
2025-05-27 21:26:02.432,1.78486328125,2.0576171875,-9.56552734375,2.13623046875,40.1611328125,-2.99072265625,164.410400390625,-11.2335205078125,-90.977783203125,78.06024216384179
2025-05-27 21:26:02.547,3.119921875,2.6126953125,-10.259375,4.150390625,55.908203125,-13.5498046875,164.7125244140625,-17.281494140625,-89.033203125,76.30684941961815
2025-05-27 21:26:02.632,2.354296875,2.46435546875,-7.93857421875,-2.74658203125,56.396484375,-58.41064453125,164.091796875,-19.7589111328125,-83.583984375,73.42615138483012
2025-05-27 21:26:02.748,3.2778320312500004,2.7179687500000003,-7.88115234375,17.51708984375,23.86474609375,-44.3115234375,163.289794921875,-22.74169921875,-77.0855712890625,72.33713202966037
2025-05-27 21:26:02.833,5.086621093750001,2.3064453125,-8.3453125,-28.74755859375,9.8876953125,7.14111328125,161.334228515625,-25.2630615234375,-71.707763671875,76.7214984029809
2025-05-27 21:26:02.950,5.6991210937500005,3.2969726562500004,-8.99130859375,-23.8037109375,9.3994140625,6.4697265625,157.7032470703125,-27.432861328125,-70.894775390625,72.79172725947592
2025-05-27 21:26:03.038,3.9860351562500003,3.8376953125,-6.88583984375,-29.23583984375,19.47021484375,4.69970703125,155.80810546875,-28.817138671875,-70.828857421875,64.2499130575719
2025-05-27 21:26:03.151,4.91435546875,3.4548828125,-6.87626953125,18.06640625,17.4560546875,6.34765625,154.874267578125,-30.904541015625,-69.9005126953125,67.76664083731286
2025-05-27 21:26:03.242,4.880859375,3.3639648437500003,-6.522167968750001,14.6484375,13.12255859375,7.9345703125,156.3629150390625,-32.5579833984375,-69.752197265625,67.56200823635172
2025-05-27 21:26:03.358,5.24931640625,2.8902343750000004,-6.794921875000001,7.9345703125,26.79443359375,-16.66259765625,156.0882568359375,-33.9202880859375,-67.6318359375,71.39645697824734
2025-05-27 21:26:03.445,6.1776367187500005,2.8423828125000004,-7.3787109375,12.451171875,7.50732421875,-14.34326171875,155.41259765625,-34.9639892578125,-64.8797607421875,73.54477755756193
2025-05-27 21:26:03.562,6.330761718750001,3.83291015625,-6.9001953125,5.126953125,-13.18359375,-7.87353515625,156.192626953125,-34.6783447265625,-64.434814453125,67.74030797291134
2025-05-27 21:26:03.649,4.40234375,3.02421875,-6.335546875,-26.06201171875,-59.26513671875,-41.50390625,155.0115966796875,-30.113525390625,-63.0010986328125,68.5949793096412
2025-05-27 21:26:03.796,3.9333984375,3.5888671875000004,-7.45048828125,-31.494140625,-39.36767578125,-41.50390625,150.2984619140625,-24.2578125,-61.5509033203125,66.92716033627153
2025-05-27 21:26:03.852,3.6271484375000003,4.3736328125,-7.7232421875,-31.982421875,9.21630859375,10.7421875,146.9256591796875,-21.73095703125,-60.3753662109375,62.86117534330532
2025-05-27 21:26:03.972,4.440625000000001,5.5077148437500005,-7.60361328125,-27.52685546875,-31.982421875,49.072265625,145.1568603515625,-24.169921875,-63.3966064453125,57.974151237997255
2025-05-27 21:26:04.060,3.2921875000000003,4.9095703125000005,-6.39775390625,-13.12255859375,-3.662109375,1.220703125,144.9041748046875,-23.148193359375,-64.259033203125,55.692435278157305
2025-05-27 21:26:04.180,3.7946289062500003,5.16796875,-7.416992187500001,5.4931640625,0.30517578125,-10.43701171875,144.1131591796875,-22.5714111328125,-63.10546875,58.188436175589864
2025-05-27 21:26:04.267,3.7228515625000003,5.33544921875,-7.4217773437500005,22.03369140625,13.3056640625,-21.240234375,145.39306640625,-22.60986328125,-60.5126953125,57.275976160397
2025-05-27 21:26:04.388,3.4692382812500004,4.9,-7.082031250000001,6.89697265625,2.13623046875,-10.6201171875,145.986328125,-22.236328125,-58.546142578125,58.14543975970321
2025-05-27 21:26:04.478,3.4644531250000004,4.823437500000001,-7.129882812500001,10.31494140625,4.150390625,17.39501953125,147.183837890625,-22.5054931640625,-58.7164306640625,58.68030423584558
2025-05-27 21:26:04.595,4.09130859375,4.39755859375,-7.64189453125,10.19287109375,6.28662109375,-11.04736328125,148.172607421875,-23.499755859375,-56.612548828125,63.10031808597301
2025-05-27 21:26:04.715,3.7419921875,4.459765625,-7.560546875000001,2.197265625,-7.9345703125,7.01904296875,148.82080078125,-23.4832763671875,-56.612548828125,62.13615036643469
2025-05-27 21:26:04.802,3.64150390625,4.512402343750001,-7.4744140625,-6.4697265625,8.60595703125,6.53076171875,148.7274169921875,-23.653564453125,-57.01904296875,61.51005327120848
2025-05-27 21:26:04.894,3.9525390625,4.5650390625,-7.383496093750001,-10.1318359375,6.16455078125,10.1318359375,147.7276611328125,-24.9169921875,-57.19482421875,61.40576232517384
2025-05-27 21:26:05.012,4.28271484375,4.5746093750000005,-7.2542968750000005,-13.671875,20.20263671875,-2.8076171875,146.326904296875,-26.378173828125,-56.2994384765625,61.49651351642093
2025-05-27 21:26:05.101,4.34970703125,4.871289062500001,-7.1490234375,-14.7705078125,-6.34765625,-2.86865234375,144.5965576171875,-26.25732421875,-55.7281494140625,59.795802944669354
2025-05-27 21:26:05.249,4.19658203125,5.038769531250001,-6.9001953125,-5.7373046875,-1.8310546875,2.01416015625,143.931884765625,-26.0650634765625,-55.8929443359375,58.03961673501888
2025-05-27 21:26:05.338,4.2396484375000005,4.8904296875,-6.904980468750001,-6.40869140625,10.07080078125,1.5869140625,143.690185546875,-26.7352294921875,-55.557861328125,58.88661303603844
2025-05-27 21:26:05.426,4.37841796875,5.038769531250001,-6.83798828125,-1.5869140625,-0.42724609375,3.84521484375,143.3935546875,-27.3614501953125,-55.3326416015625,58.17769782479918
2025-05-27 21:26:05.513,4.3544921875,5.062695312500001,-6.8619140625,-1.40380859375,-2.197265625,0.91552734375,143.4814453125,-27.388916015625,-55.4205322265625,58.079126928575135
2025-05-27 21:26:05.636,4.392773437500001,4.9861328125,-6.8954101562500005,-3.0517578125,-1.28173828125,0.54931640625,143.514404296875,-27.322998046875,-55.283203125,58.62234618297742
2025-05-27 21:26:05.724,4.416699218750001,4.990917968750001,-6.87626953125,-1.8310546875,1.220703125,1.3427734375,143.492431640625,-27.4493408203125,-55.184326171875,58.58783602822293
2025-05-27 21:26:05.843,4.440625000000001,4.92392578125,-6.87626953125,2.8076171875,0.9765625,3.84521484375,143.5693359375,-27.6800537109375,-55.0799560546875,58.971271668109246
2025-05-27 21:26:05.930,4.40234375,4.895214843750001,-6.87626953125,-0.9765625,0.18310546875,3.96728515625,143.8934326171875,-27.94921875,-55.2117919921875,59.055112317545806
2025-05-27 21:26:06.048,4.48369140625,4.8330078125,-6.857128906250001,-3.90625,2.3193359375,5.18798828125,143.8604736328125,-28.27880859375,-55.2996826171875,59.4635796632318
2025-05-27 21:26:06.135,4.61767578125,4.995703125,-6.833203125000001,-3.41796875,0.91552734375,2.74658203125,143.536376953125,-28.5919189453125,-55.2996826171875,58.79467607136922
2025-05-27 21:26:06.252,4.59375,4.87607421875,-6.7997070312500005,1.46484375,-0.54931640625,3.5400390625,143.602294921875,-28.773193359375,-55.382080078125,59.28088451310831
2025-05-27 21:26:06.344,4.59375,4.7899414062500005,-6.833203125000001,1.03759765625,0.9765625,5.18798828125,144.0362548828125,-29.0478515625,-55.61279296875,59.81162122409502
2025-05-27 21:26:06.458,4.68466796875,4.76123046875,-6.9432617187500005,-1.77001953125,4.638671875,7.26318359375,144.239501953125,-29.6026611328125,-55.8160400390625,60.38406931390309
2025-05-27 21:26:06.579,4.9813476562500005,4.6990234375,-7.1873046875,-2.13623046875,21.17919921875,12.75634765625,144.2559814453125,-31.2176513671875,-55.953369140625,61.74855725602835
2025-05-27 21:26:06.666,5.3402343750000005,4.33056640625,-7.0533203125,-6.8359375,52.6123046875,22.64404296875,144.0472412109375,-35.013427734375,-55.6622314453125,63.918175350656135
2025-05-27 21:26:06.756,6.115429687500001,4.1439453125000005,-6.78056640625,-2.44140625,58.4716796875,28.13720703125,143.580322265625,-40.242919921875,-55.3106689453125,65.58982735093994
2025-05-27 21:26:06.881,6.641796875000001,4.320996093750001,-5.01005859375,-4.08935546875,61.58447265625,25.93994140625,142.9705810546875,-46.2744140625,-54.4207763671875,62.55347319034411
2025-05-27 21:26:06.978,7.55576171875,3.8520507812500004,-4.038671875,-27.9541015625,66.83349609375,-13.0615234375,136.571044921875,-51.6192626953125,-47.7081298828125,65.79050370714579
2025-05-27 21:26:07.106,7.991210937500001,4.2587890625,-2.6988281250000004,-28.076171875,86.7919921875,-28.13720703125,124.3048095703125,-55.3875732421875,-36.40869140625,63.21003141162953
2025-05-27 21:26:07.198,8.575000000000001,5.158398437500001,-2.0049804687500004,-44.73876953125,14.58740234375,16.90673828125,115.5267333984375,-58.4417724609375,-29.72900390625,59.639780708297025
2025-05-27 21:26:07.351,7.393066406250001,4.37841796875,-1.2345703125,-11.29150390625,-23.3154296875,-23.681640625,116.597900390625,-56.0687255859375,-32.9095458984375,59.708904449522684
2025-05-27 21:26:07.413,7.92900390625,5.39287109375,-1.26806640625,-51.57470703125,8.544921875,-14.83154296875,112.1484375,-55.096435546875,-30.333251953125,56.11428644998769
2025-05-27 21:26:07.538,8.862109375000001,5.349804687500001,-1.282421875,-54.0771484375,-50.78125,35.21728515625,110.4840087890625,-55.535888671875,-34.420166015625,59.14385005344195
2025-05-27 21:26:07.631,8.00556640625,4.44541015625,-1.63173828125,-12.6953125,-44.0673828125,-10.7421875,113.4722900390625,-56.0357666015625,-44.5989990234375,61.44927386292915
2025-05-27 21:26:07.756,8.07734375,5.28759765625,-1.78486328125,-1.28173828125,-8.36181640625,-5.92041015625,111.9012451171875,-53.9813232421875,-42.73681640625,57.41323571147434
2025-05-27 21:26:07.846,8.575000000000001,5.416796875,-2.7227539062500004,91.85791015625,9.70458984375,21.42333984375,113.4393310546875,-54.151611328125,-39.5068359375,58.94892932876661
2025-05-27 21:26:07.969,8.249609375,3.45009765625,-0.30625,-194.9462890625,145.99609375,-9.3994140625,94.6636962890625,-56.6015625,-26.4605712890625,67.31870222008611
2025-05-27 21:26:08.060,8.067773437500001,2.5265625000000003,3.3400390625000003,-202.94189453125,27.89306640625,178.03955078125,40.2923583984375,-62.457275390625,4.0869140625,73.86215215786305
2025-05-27 21:26:08.184,8.024707031250001,-0.26796875000000003,4.7660156250000005,-155.029296875,39.24560546875,222.65625,-14.91943359375,-65.994873046875,48.350830078125,91.64456643490233
2025-05-27 21:26:08.275,6.526953125,-2.6940429687500003,4.8856445312500005,23.86474609375,10.986328125,-15.5029296875,-37.02392578125,-56.2335205078125,67.587890625,108.2855024812893
2025-05-27 21:26:08.402,7.60361328125,-2.58876953125,5.55078125,-23.62060546875,-21.78955078125,-25.45166015625,-30.5419921875,-57.01904296875,63.0230712890625,105.37557185601698
2025-05-27 21:26:08.494,8.0869140625,-2.1150390625,4.421484375,5.859375,16.66259765625,-68.7255859375,-31.6571044921875,-60.05126953125,56.2225341796875,102.92439915038617
2025-05-27 21:26:08.619,7.455273437500001,-0.765625,5.29716796875,-108.154296875,55.419921875,-2.62451171875,-15.062255859375,-60.7159423828125,32.2174072265625,94.78539077643252
2025-05-27 21:26:08.711,9.886132812500001,0.41630859375,0.9953125,-334.3505859375,-131.89697265625,-400.57373046875,-1.494140625,-67.3681640625,-9.404296875,87.60079307528657
2025-05-27 21:26:08.834,7.7232421875,3.8424804687500003,3.1534179687500004,-85.8154296875,-44.677734375,80.26123046875,48.658447265625,-63.2757568359375,-76.7010498046875,65.26887828247618
2025-05-27 21:26:08.924,8.86689453125,3.28740234375,5.2684570312500005,38.75732421875,-16.11328125,-28.564453125,56.66748046875,-66.5386962890625,-90.8953857421875,72.32124198804638
2025-05-27 21:26:09.048,11.57529296875,4.63681640625,3.5075195312500003,-29.6630859375,-30.2734375,-68.2373046875,68.5821533203125,-62.9901123046875,-102.4365234375,69.0249259813544
2025-05-27 21:26:09.169,9.91962890625,3.5601562500000004,2.47392578125,-247.6806640625,32.71484375,82.33642578125,45.2252197265625,-60.2545166015625,-98.7890625,70.80016397456932
2025-05-27 21:26:09.261,6.07236328125,-1.703515625,-0.46416015625,-750.42724609375,29.9072265625,111.99951171875,-0.736083984375,-60.677490234375,-77.4041748046875,105.62736212847824
2025-05-27 21:26:09.355,8.5080078125,-0.80869140625,4.1630859375,97.412109375,60.546875,-23.681640625,-2.1148681640625,-58.8592529296875,-74.718017578125,94.87994582898317
2025-05-27 21:26:09.481,8.0869140625,-0.019140625,6.2972656250000005,93.75,39.55078125,-27.16064453125,5.009765625,-53.0859375,-78.5247802734375,90.10699722068368
2025-05-27 21:26:09.573,8.192187500000001,-0.41630859375,6.904980468750001,73.486328125,72.93701171875,77.2705078125,3.5760498046875,-49.0155029296875,-72.8118896484375,92.22518563342283
2025-05-27 21:26:09.696,6.79013671875,-0.8852539062500001,5.732617187500001,146.05712890625,106.201171875,240.17333984375,-4.010009765625,-40.264892578125,-45.90087890625,95.68894947797018
2025-05-27 21:26:09.788,6.7997070312500005,1.16279296875,8.17783203125,40.771484375,-1.15966796875,-117.3095703125,0.1263427734375,-37.5677490234375,-34.2498779296875,83.76053543603076
2025-05-27 21:26:09.911,6.603515625000001,3.3639648437500003,10.699609375000001,-150.45166015625,54.99267578125,-114.3798828125,4.3121337890625,-34.9639892578125,-45.9063720703125,75.02144220468351
2025-05-27 21:26:10.005,6.976757812500001,-1.052734375,11.111132812500001,-162.353515625,-34.66796875,-135.3759765625,-6.1248779296875,-35.650634765625,-64.3853759765625,94.58754819362312
2025-05-27 21:26:10.132,7.048535156250001,-1.6460937500000001,8.575000000000001,-39.24560546875,-32.1044921875,-85.99853515625,-13.33740234375,-42.099609375,-73.3392333984375,98.4352159305043
2025-05-27 21:26:10.227,4.5985351562500005,-0.8900390625000001,6.45517578125,-6.2255859375,95.76416015625,-21.05712890625,-8.0255126953125,-34.8486328125,-73.4820556640625,96.40739438328434
2025-05-27 21:26:10.361,3.8472656250000004,-1.92841796875,7.000683593750001,-100.830078125,-34.36279296875,57.861328125,-13.8153076171875,-30.596923828125,-70.1861572265625,103.57203750583133
2025-05-27 21:26:10.456,5.3402343750000005,-3.3496093750000004,5.64169921875,-161.80419921875,-201.96533203125,-151.79443359375,-29.915771484375,-46.2579345703125,-74.091796875,113.32513104071566
2025-05-27 21:26:10.583,8.359667968750001,-4.10087890625,2.966796875,-173.88916015625,-50.72021484375,-61.82861328125,-54.31640625,-60.0897216796875,-64.918212890625,114.81132707451565
2025-05-27 21:26:10.711,8.555859375,-3.9333984375,2.660546875,128.47900390625,-58.10546875,153.62548828125,-57.1673583984375,-58.623046875,-54.4537353515625,113.70129884598451
2025-05-27 21:26:10.806,5.0052734375000005,-6.818847656250001,4.43583984375,64.453125,17.88330078125,389.58740234375,-60.8258056640625,-32.2393798828125,-22.576904296875,135.55500592315798
2025-05-27 21:26:10.902,2.87109375,-10.747460937500001,3.81376953125,-70.49560546875,34.66796875,34.66796875,-66.785888671875,-16.248779296875,-10.3985595703125,156.05073254267532
2025-05-27 21:26:11.029,3.03857421875,-8.79990234375,2.39736328125,76.59912109375,-39.55078125,42.48046875,-67.30224609375,-14.996337890625,-1.812744140625,156.25879664114117
2025-05-27 21:26:11.123,0.6747070312500001,-8.92431640625,2.545703125,1.03759765625,6.40869140625,150.81787109375,-68.104248046875,-4.647216796875,9.7943115234375,163.5584846873975
2025-05-27 21:26:11.253,-1.9810546875000001,-8.87646484375,3.62236328125,177.79541015625,-108.09326171875,150.57373046875,-59.6942138671875,9.2449951171875,25.6036376953125,155.05554713277374
2025-05-27 21:26:11.350,-1.9379882812500002,-5.8187500000000005,7.7088867187500005,114.990234375,-226.50146484375,136.23046875,-40.2593994140625,9.9700927734375,60.62255859375,126.2053484306673
2025-05-27 21:26:11.476,-0.7991210937500001,-5.87138671875,8.44580078125,84.8388671875,-111.87744140625,-12.39013671875,-29.8883056640625,-1.6534423828125,79.3927001953125,124.68683968291
2025-05-27 21:26:11.571,0.10527343750000001,-4.96220703125,9.0630859375,73.18115234375,-78.79638671875,-32.16552734375,-24.971923828125,-13.8592529296875,87.857666015625,118.6998914961131
2025-05-27 21:26:11.710,0.784765625,-1.6221679687500001,8.670703125000001,66.46728515625,95.0927734375,26.611328125,-18.358154296875,-11.5631103515625,96.30615234375,100.55457748182043
2025-05-27 21:26:11.806,-0.90439453125,-0.6316406250000001,9.3693359375,141.4794921875,-3.5400390625,-41.1376953125,-8.3441162109375,-10.7281494140625,95.888671875,93.83901123604184
2025-05-27 21:26:11.931,2.583984375,1.3972656250000002,10.04404296875,36.56005859375,-114.013671875,-45.41015625,-1.1920166015625,-18.753662109375,96.8170166015625,82.32692514170878
2025-05-27 21:26:12.026,4.268359375,1.8614257812500001,10.35029296875,52.30712890625,-64.51416015625,-26.3671875,4.669189453125,-23.8787841796875,98.2781982421875,80.56034586257374
2025-05-27 21:26:12.159,3.7946289062500003,3.7946289062500003,8.58935546875,67.19970703125,-64.8193359375,-65.49072265625,14.7930908203125,-28.63037109375,97.4871826171875,67.99615172094347
2025-05-27 21:26:12.287,3.808984375,4.9813476562500005,8.24482421875,84.3505859375,-18.6767578125,-67.44384765625,27.3834228515625,-30.8660888671875,93.4442138671875,61.25626376803705
2025-05-27 21:26:12.383,3.6367187500000004,5.8857421875,7.919433593750001,90.27099609375,37.9638671875,-77.81982421875,39.5452880859375,-27.718505859375,90.626220703125,55.965160988035564
2025-05-27 21:26:12.478,2.4404296875,7.1825195312500005,6.268554687500001,30.33447265625,31.92138671875,-34.5458984375,46.142578125,-21.1212158203125,94.449462890625,43.1236557628577
2025-05-27 21:26:12.604,1.91884765625,7.416992187500001,6.4647460937500005,5.126953125,3.96728515625,-5.18798828125,47.6092529296875,-18.8031005859375,99.3548583984375,42.27702666531855
2025-05-27 21:26:12.699,1.8662109375000002,7.512695312500001,6.196777343750001,3.35693359375,21.728515625,-3.72314453125,47.96630859375,-17.4627685546875,104.337158203125,40.74273010290328
2025-05-27 21:26:12.829,1.68916015625,7.6275390625,6.761425781250001,4.33349609375,19.4091796875,-11.29150390625,47.581787109375,-15.216064453125,109.368896484375,42.417722968473136
2025-05-27 21:26:12.925,1.0814453125,7.656250000000001,6.5125976562500005,-1.46484375,13.5498046875,-5.67626953125,47.2576904296875,-13.0242919921875,113.818359375,40.77030569550692
2025-05-27 21:26:13.052,0.9570312500000001,7.5796875,6.3451171875000005,-4.57763671875,12.20703125,-0.18310546875,46.834716796875,-11.7279052734375,118.05908203125,40.25090924444681
2025-05-27 21:26:13.147,0.8230468750000001,7.675390625,6.4647460937500005,1.46484375,11.474609375,-1.52587890625,46.878662109375,-10.6292724609375,122.0855712890625,40.33351781415812
2025-05-27 21:26:13.277,0.55029296875,7.6275390625,6.187207031250001,8.23974609375,15.7470703125,-10.43701171875,47.208251953125,-9.173583984375,125.650634765625,39.1582993881048
2025-05-27 21:26:13.375,0.8374023437500001,7.905078125,6.6130859375,-7.75146484375,5.9814453125,-5.67626953125,46.9775390625,-7.6080322265625,129.1607666015625,40.1389954114972
2025-05-27 21:26:13.508,0.39716796875000004,7.4361328125,7.2782226562500005,-18.00537109375,-0.67138671875,-2.44140625,45.3955078125,-6.492919921875,132.176513671875,44.42772360180636
2025-05-27 21:26:13.605,0.0765625,7.455273437500001,6.7757812500000005,-24.10888671875,5.31005859375,-6.4697265625,43.13232421875,-5.73486328125,134.901123046875,42.268186805065255
2025-05-27 21:26:13.739,-0.04306640625,7.239941406250001,7.072460937500001,0.8544921875,19.04296875,-3.60107421875,42.099609375,-4.7955322265625,137.6092529296875,44.33009942485216
2025-05-27 21:26:13.871,0.1244140625,7.1825195312500005,7.01982421875,-2.50244140625,7.14111328125,0.30517578125,42.242431640625,-3.4771728515625,141.04248046875,44.34817290335301
2025-05-27 21:26:13.968,-0.10527343750000001,7.196875,7.0628906250000005,0.48828125,0.79345703125,-0.6103515625,42.3797607421875,-2.933349609375,143.67919921875,44.464847580979075
2025-05-27 21:26:14.065,-0.09091796875000001,7.2542968750000005,6.737500000000001,0.48828125,2.0751953125,1.46484375,42.813720703125,-2.7520751953125,146.0028076171875,42.887302604371406
2025-05-27 21:26:14.199,0.0861328125,7.3260742187500005,7.096386718750001,-1.15966796875,-0.79345703125,2.8076171875,42.8521728515625,-2.7410888671875,148.3154296875,44.089711857447035
2025-05-27 21:26:14.299,0.153125,7.3021484375000005,6.8714843750000005,-0.6103515625,-2.9296875,0.732421875,43.055419921875,-2.8564453125,150.3094482421875,43.266708548424894
2025-05-27 21:26:14.431,0.0,7.2782226562500005,6.909765625,-1.5869140625,-0.18310546875,1.220703125,43.1707763671875,-2.779541015625,152.1551513671875,43.51238326356609
2025-05-27 21:26:14.529,0.03828125,7.2447265625,6.93369140625,-1.3427734375,0.0,2.3193359375,43.1378173828125,-2.6971435546875,154.2095947265625,43.743727311783545
2025-05-27 21:26:14.660,0.11005859375,7.196875,6.93369140625,-0.732421875,-0.79345703125,0.18310546875,43.0499267578125,-2.70263671875,155.9454345703125,43.93658820719797
2025-05-27 21:26:14.758,0.11005859375,7.263867187500001,6.9671875000000005,-2.0751953125,-0.732421875,0.6103515625,43.0224609375,-2.6312255859375,157.47802734375,43.80927898855544
2025-05-27 21:26:14.893,0.11484375000000001,7.23515625,6.9958984375,-0.30517578125,-0.244140625,0.54931640625,42.978515625,-2.548828125,158.9556884765625,44.040670009714205
2025-05-27 21:26:14.989,0.44501953125000004,7.330859375,7.072460937500001,-42.96875,14.34326171875,15.80810546875,41.3690185546875,-2.4884033203125,161.268310546875,44.02877873440572
2025-05-27 21:26:15.122,0.401953125,6.651367187500001,8.23046875,-90.4541015625,14.95361328125,9.033203125,34.1839599609375,-1.91162109375,165.7452392578125,51.090311167042145
2025-05-27 21:26:15.219,0.9091796875000001,5.0531250000000005,10.752246093750001,-128.2958984375,-39.6728515625,15.0146484375,22.225341796875,-3.8397216796875,166.97021484375,64.90683278316752
2025-05-27 21:26:15.349,0.97138671875,1.8997070312500002,8.75205078125,-249.755859375,25.390625,-16.66259765625,4.8779296875,-5.811767578125,168.94775390625,77.82594040784794
2025-05-27 21:26:15.447,-0.49765625,-3.1486328125000003,9.37890625,-269.10400390625,41.50390625,-16.2353515625,-18.984375,-0.10986328125,167.5469970703125,108.53335014896274
2025-05-27 21:26:15.582,-1.0431640625,-6.292480468750001,7.3787109375,-219.970703125,18.49365234375,-19.287109375,-40.9185791015625,1.7523193359375,162.0867919921875,130.1774787710489
2025-05-27 21:26:15.680,-1.4068359375000001,-8.78076171875,7.871582031250001,-72.509765625,-45.34912109375,56.884765625,-53.28369140625,3.8067626953125,167.464599609375,137.67704620640524
2025-05-27 21:26:15.812,-1.39248046875,-8.933886718750001,4.8377929687500005,-116.14990234375,19.34814453125,22.88818359375,-62.3199462890625,8.2232666015625,169.947509765625,150.59892521439633
2025-05-27 21:26:15.909,-1.96669921875,-9.4458984375,3.3496093750000004,-72.93701171875,8.4228515625,17.76123046875,-69.89501953125,10.491943359375,170.5682373046875,157.64677320398422
2025-05-27 21:26:16.042,-1.67958984375,-8.555859375,1.6700195312500001,-55.908203125,-12.20703125,7.6904296875,-74.366455078125,11.2060546875,172.4578857421875,164.526174337353
2025-05-27 21:26:16.141,-1.3254882812500002,-9.015234375,1.67958984375,-34.48486328125,-2.01416015625,-7.568359375,-78.6181640625,10.733642578125,174.13330078125,166.64884070756617
2025-05-27 21:26:16.338,-1.5982421875000001,-9.029589843750001,0.64599609375,-16.11328125,-8.7890625,-11.53564453125,-80.782470703125,9.085693359375,175.5999755859375,169.1915977785811
2025-05-27 21:26:16.438,-1.18671875,-9.25927734375,0.5120117187500001,-45.41015625,4.39453125,-5.67626953125,-84.7210693359375,8.76708984375,176.6546630859375,172.0536780414864
2025-05-27 21:26:16.564,-0.7751953125000001,-10.034472656250001,0.13398437500000002,-14.83154296875,-5.7373046875,-4.2724609375,-86.8084716796875,6.5478515625,177.6708984375,175.51725800992216
2025-05-27 21:26:16.654,-0.9378906250000001,-9.8095703125,-0.10527343750000001,-0.67138671875,9.58251953125,-1.15966796875,-86.9183349609375,6.1083984375,177.6434326171875,174.50447843811483
2025-05-27 21:26:16.770,-1.02880859375,-9.6181640625,0.11484375000000001,1.15966796875,2.86865234375,3.72314453125,-86.9073486328125,6.229248046875,177.7532958984375,173.8569291088273
2025-05-27 21:26:16.860,-1.1388671875,-9.398046875,0.08134765625000001,3.7841796875,-4.08935546875,1.8310546875,-86.59423828125,6.405029296875,178.4234619140625,173.07308235557304
2025-05-27 21:26:16.980,-0.95224609375,-9.73779296875,0.30146484375000004,22.52197265625,-8.11767578125,7.32421875,-85.814208984375,6.7181396484375,179.49462890625,174.14353136787116
2025-05-27 21:26:17.068,-1.2154296875000001,-9.790429687500001,1.3685546875,117.5537109375,-10.009765625,-12.20703125,-79.617919921875,6.2841796875,-178.17626953125,169.4105786975867
2025-05-27 21:26:17.216,-0.45937500000000003,-9.37412109375,3.521875,161.7431640625,-46.2646484375,26.67236328125,-66.1102294921875,5.8721923828125,-175.9185791015625,159.24908546580136
2025-05-27 21:26:17.275,-0.5359375000000001,-7.3021484375000005,5.6177734375,128.90625,-8.72802734375,16.7236328125,-50.6304931640625,7.174072265625,-170.859375,142.30226860655029
2025-05-27 21:26:17.394,-1.6125976562500002,-6.2733398437500005,7.713671875,105.16357421875,-39.55078125,-12.75634765625,-37.9083251953125,6.08642578125,-168.77197265625,128.52208664251307
2025-05-27 21:26:17.481,-1.5551757812500002,-3.8233398437500004,8.67548828125,169.37255859375,30.1513671875,13.18359375,-24.0985107421875,3.922119140625,-166.9317626953125,113.4507802649195
2025-05-27 21:26:17.602,-0.7464843750000001,-1.1915039062500001,9.886132812500001,109.68017578125,-45.2880859375,-27.7099609375,-13.106689453125,3.1036376953125,-164.8114013671875,96.85297571439979
2025-05-27 21:26:17.690,0.2583984375,0.37324218750000004,10.579980468750001,127.685546875,-30.70068359375,-47.79052734375,-2.5653076171875,0.4888916015625,-167.7667236328125,87.98015036347573
2025-05-27 21:26:17.810,0.46894531250000004,2.4547851562500003,9.64208984375,127.44140625,-12.02392578125,-100.52490234375,9.755859375,-0.87890625,-176.15478515625,75.7326508601202
2025-05-27 21:26:17.897,-0.49287109375000004,5.301953125000001,9.23056640625,106.62841796875,13.7939453125,-8.6669921875,22.598876953125,0.9722900390625,179.7747802734375,60.1625469843666
2025-05-27 21:26:18.014,0.248828125,6.498242187500001,9.651660156250001,61.46240234375,0.79345703125,-4.7607421875,28.7896728515625,0.6866455078125,179.8516845703125,56.057336292271096
2025-05-27 21:26:18.102,-0.06220703125,6.531738281250001,8.00556640625,5.06591796875,5.79833984375,7.87353515625,31.2506103515625,1.8951416015625,-179.1485595703125,50.78985610186854
2025-05-27 21:26:18.222,-0.30146484375000004,5.4646484375,8.311816406250001,6.65283203125,1.03759765625,13.671875,31.4154052734375,1.4337158203125,-178.1982421875,56.69415050148692
2025-05-27 21:26:18.314,-0.10048828125,5.952734375,7.98642578125,0.42724609375,6.34765625,1.46484375,31.7889404296875,1.64794921875,-177.1710205078125,53.30292906288078
2025-05-27 21:26:18.438,-0.30625,5.900097656250001,8.378808593750001,-2.99072265625,-4.82177734375,0.48828125,31.44287109375,1.6314697265625,-176.8963623046875,54.8659813463175
2025-05-27 21:26:18.531,-0.43066406250000006,5.6177734375,8.36923828125,-5.859375,0.06103515625,1.52587890625,31.1517333984375,1.58203125,-176.6656494140625,56.16392735330439
2025-05-27 21:26:18.678,-0.30625,5.62255859375,8.364453125,-2.38037109375,0.30517578125,1.46484375,30.9100341796875,1.51611328125,-176.3909912109375,56.108898548886955
2025-05-27 21:26:18.737,-0.35888671875,5.6177734375,8.2783203125,-0.6103515625,6.77490234375,0.18310546875,30.9100341796875,1.856689453125,-175.93505859375,55.8636750871953
2025-05-27 21:26:18.855,-0.46894531250000004,5.63212890625,8.6802734375,1.89208984375,5.9814453125,-1.3427734375,31.0858154296875,2.52685546875,-175.484619140625,57.0608970659883
2025-05-27 21:26:18.945,-0.669921875,5.660839843750001,8.311816406250001,0.30517578125,3.662109375,1.52587890625,31.497802734375,3.065185546875,-175.089111328125,55.82906892844126
2025-05-27 21:26:19.063,-0.5790039062500001,5.62255859375,8.326171875,1.5869140625,5.31005859375,-0.67138671875,31.6241455078125,3.2354736328125,-174.6881103515625,56.0334091536292
2025-05-27 21:26:19.153,-0.6125,5.7517578125,8.19697265625,-3.7841796875,3.41796875,-0.732421875,31.7120361328125,3.62548828125,-174.3695068359375,55.0178960052668
2025-05-27 21:26:19.268,-0.708203125,5.732617187500001,8.3166015625,-1.15966796875,3.84521484375,-1.46484375,31.607666015625,3.8177490234375,-174.17724609375,55.518239419876934
2025-05-27 21:26:19.359,-0.8613281250000001,5.63212890625,8.307031250000001,-2.685546875,2.5634765625,-0.8544921875,31.563720703125,4.1473388671875,-173.9520263671875,56.005061993730415
2025-05-27 21:26:19.478,-0.8230468750000001,5.67041015625,8.23046875,-2.5634765625,3.173828125,-0.1220703125,31.475830078125,4.4659423828125,-173.6773681640625,55.56802387317025
2025-05-27 21:26:19.578,-0.8469726562500001,5.608203125,8.354882812500001,-2.99072265625,1.77001953125,1.40380859375,31.2835693359375,4.691162109375,-173.397216796875,56.26397922812645
2025-05-27 21:26:19.708,-0.8517578125,5.5555664062500005,8.49365234375,-2.50244140625,0.79345703125,-0.18310546875,31.1846923828125,4.7955322265625,-173.155517578125,56.94310728225701
2025-05-27 21:26:19.802,-0.976171875,5.4646484375,8.39794921875,-2.99072265625,0.54931640625,-0.3662109375,31.014404296875,4.9383544921875,-173.089599609375,57.12297990021991
2025-05-27 21:26:19.926,-1.0144531250000002,5.5077148437500005,8.450585937500001,-1.03759765625,0.06103515625,1.3427734375,30.9210205078125,5.042724609375,-172.935791015625,57.0927164480509
2025-05-27 21:26:20.019,-0.87568359375,5.48857421875,8.402734375000001,-2.25830078125,0.1220703125,1.40380859375,30.91552734375,5.0262451171875,-172.6995849609375,56.989398391583165
2025-05-27 21:26:20.174,-0.8613281250000001,5.47421875,8.441015625,-3.41796875,1.15966796875,0.0,30.794677734375,5.0592041015625,-172.5457763671875,57.17086781130806
2025-05-27 21:26:20.234,-1.0240234375000001,5.4120117187500005,8.407519531250001,-1.708984375,0.48828125,0.0,30.662841796875,5.174560546875,-172.452392578125,57.42188358538477
2025-05-27 21:26:20.361,-0.9139648437500001,5.47900390625,8.46494140625,-0.3662109375,-1.89208984375,2.50244140625,30.7342529296875,4.9932861328125,-172.2930908203125,57.23797953141511
2025-05-27 21:26:20.451,-0.784765625,5.47900390625,8.522363281250001,-0.244140625,0.3662109375,0.244140625,30.8221435546875,4.8504638671875,-172.166748046875,57.373083362878056
2025-05-27 21:26:20.573,-0.8708984375000001,5.4646484375,8.3931640625,0.8544921875,-0.3662109375,-0.244140625,30.9210205078125,4.81201171875,-172.166748046875,57.07265300903186
2025-05-27 21:26:20.687,-0.9666015625000001,5.455078125,8.39794921875,-0.42724609375,-0.8544921875,1.3427734375,31.058349609375,4.7735595703125,-172.08984375,57.16535401292782
2025-05-27 21:26:20.810,-0.76083984375,5.5220703125,8.48408203125,-1.0986328125,0.0,0.3662109375,31.1297607421875,4.713134765625,-171.89208984375,57.04576140375458
2025-05-27 21:26:20.902,-0.8230468750000001,5.5316406250000005,8.407519531250001,0.9765625,0.244140625,1.15966796875,31.2835693359375,4.6746826171875,-171.73828125,56.782838011133734
2025-05-27 21:26:21.026,-0.7751953125000001,5.589062500000001,8.3166015625,-0.18310546875,-0.18310546875,1.0986328125,31.44287109375,4.6307373046875,-171.573486328125,56.21208243465976
2025-05-27 21:26:21.117,-0.76083984375,5.565136718750001,8.431445312500001,-0.67138671875,0.30517578125,0.1220703125,31.475830078125,4.5867919921875,-171.463623046875,56.68010715155683
2025-05-27 21:26:21.240,-0.87568359375,5.541210937500001,8.330957031250001,0.54931640625,0.06103515625,0.9765625,31.607666015625,4.559326171875,-171.375732421875,56.51573207190132
2025-05-27 21:26:21.332,-0.8613281250000001,5.5125,8.36923828125,0.54931640625,-0.3662109375,2.25830078125,31.717529296875,4.50439453125,-171.2164306640625,56.767127504251405
2025-05-27 21:26:21.453,-0.7895507812500001,5.565136718750001,8.34052734375,-0.3662109375,0.91552734375,1.64794921875,31.8603515625,4.3890380859375,-170.980224609375,56.40507874788398
2025-05-27 21:26:21.547,-0.76083984375,5.5986328125,8.3453125,-2.50244140625,-0.67138671875,1.40380859375,31.83837890625,4.2901611328125,-170.79345703125,56.25308706495057
2025-05-27 21:26:21.700,-0.74169921875,5.47421875,8.48408203125,-2.0751953125,-0.91552734375,-0.18310546875,31.651611328125,4.19677734375,-170.738525390625,57.26780197809747
2025-05-27 21:26:21.761,-0.784765625,5.54599609375,8.38837890625,-0.79345703125,-0.1220703125,0.6103515625,31.651611328125,4.19677734375,-170.6890869140625,56.64397533233306
2025-05-27 21:26:21.881,-0.6890625,5.5555664062500005,8.407519531250001,-2.62451171875,-0.42724609375,-0.06103515625,31.6351318359375,4.1748046875,-170.595703125,56.63200814344765
2025-05-27 21:26:21.971,-0.7464843750000001,5.5125,8.421875,-3.0517578125,-0.54931640625,-0.42724609375,31.4813232421875,4.1583251953125,-170.595703125,56.896079013768095
2025-05-27 21:26:22.091,-0.765625,5.421582031250001,8.421875,-2.99072265625,-0.732421875,0.48828125,31.256103515625,4.0869140625,-170.628662109375,57.33581388207191
2025-05-27 21:26:22.184,-0.6507812500000001,5.517285156250001,8.49365234375,-0.3662109375,-1.46484375,2.5634765625,31.201171875,3.9111328125,-170.496826171875,57.06971252291582
2025-05-27 21:26:22.305,-0.6555664062500001,5.48857421875,8.4888671875,2.38037109375,1.3427734375,1.77001953125,31.365966796875,3.8177490234375,-170.2880859375,57.19247203916402
2025-05-27 21:26:22.399,-0.6507812500000001,5.57470703125,8.38837890625,1.15966796875,1.5869140625,0.18310546875,31.5911865234375,3.8671875,-170.13427734375,56.47218182137524
2025-05-27 21:26:22.521,-0.6077148437500001,5.6034179687500005,8.30224609375,-0.54931640625,-0.42724609375,1.15966796875,31.7999267578125,3.8671875,-169.98046875,56.05443714819737
2025-05-27 21:26:22.610,-0.6507812500000001,5.5555664062500005,8.450585937500001,0.0,-0.6103515625,-0.67138671875,31.81640625,3.7957763671875,-169.947509765625,56.756076764246316
2025-05-27 21:26:22.733,-0.7034179687500001,5.6034179687500005,8.3166015625,0.48828125,1.0986328125,0.54931640625,31.915283203125,3.7957763671875,-169.95849609375,56.1239382078138
2025-05-27 21:26:22.824,-0.6603515625,5.5794921875000005,8.383593750000001,-0.42724609375,-0.54931640625,0.8544921875,31.9921875,3.779296875,-169.8651123046875,56.43691456959464
2025-05-27 21:26:22.949,-0.6412109375,5.59384765625,8.38837890625,-1.28173828125,0.18310546875,0.1220703125,31.9647216796875,3.75732421875,-169.7991943359375,56.3793894817164
2025-05-27 21:26:23.041,-0.6507812500000001,5.5555664062500005,8.450585937500001,-2.44140625,0.18310546875,0.1220703125,31.88232421875,3.71337890625,-169.82666015625,56.756076764246316
2025-05-27 21:26:23.164,-0.6412109375,5.5555664062500005,8.364453125,-2.13623046875,1.220703125,-0.30517578125,31.805419921875,3.790283203125,-169.7662353515625,56.48569702386462
2025-05-27 21:26:23.254,-0.6986328125000001,5.517285156250001,8.39794921875,-3.5400390625,1.220703125,-0.48828125,31.6461181640625,3.9111328125,-169.716796875,56.78649317758749
2025-05-27 21:26:23.407,-0.73212890625,5.5029296875,8.407519531250001,-2.50244140625,0.79345703125,0.0,31.5142822265625,4.0045166015625,-169.65087890625,56.89335146598884
2025-05-27 21:26:23.468,-0.69384765625,5.47900390625,8.479296875000001,-2.01416015625,0.54931640625,-0.18310546875,31.3604736328125,4.04296875,-169.6234130859375,57.218059202324135
2025-05-27 21:26:23.592,-0.7560546875,5.4359375000000005,8.48408203125,-1.28173828125,-0.30517578125,0.48828125,31.31103515625,4.06494140625,-169.62890625,57.45427087344828
2025-05-27 21:26:23.683,-0.708203125,5.49814453125,8.450585937500001,-0.42724609375,-0.3662109375,0.244140625,31.343994140625,4.02099609375,-169.617919921875,57.04263851300261
2025-05-27 21:26:23.807,-0.64599609375,5.4837890625000005,8.441015625,-6.4697265625,-1.64794921875,-2.25830078125,31.0858154296875,4.0045166015625,-169.69482421875,57.06621908376542
2025-05-27 21:26:23.897,-0.68427734375,5.455078125,8.3453125,-38.02490234375,-11.5966796875,2.3193359375,29.234619140625,3.6090087890625,-170.1507568359375,56.916426164344834
2025-05-27 21:26:24.021,-0.6268554687500001,4.63681640625,9.005664062500001,-11.77978515625,2.86865234375,5.06591796875,26.65283203125,3.251953125,-169.5355224609375,62.81338168997397
2025-05-27 21:26:24.111,-0.54072265625,4.63681640625,9.02001953125,-4.8828125,0.06103515625,1.3427734375,26.114501953125,3.2904052734375,-169.2279052734375,62.83595496899357
2025-05-27 21:26:24.239,-0.52158203125,4.459765625,9.1875,-35.0341796875,4.69970703125,7.14111328125,24.23583984375,3.416748046875,-168.739013671875,64.14348639195016
2025-05-27 21:26:24.330,-0.6747070312500001,4.081738281250001,9.780859375,-79.2236328125,26.91650390625,15.68603515625,19.0118408203125,4.0869140625,-167.5579833984375,67.39659306460848
2025-05-27 21:26:24.451,-1.244140625,1.894921875,9.962695312500001,-42.724609375,19.287109375,13.00048828125,12.1673583984375,6.6522216796875,-166.3330078125,79.3119611184675
2025-05-27 21:26:24.543,-0.9953125,2.12939453125,9.675585937500001,28.1982421875,5.7373046875,11.474609375,12.0245361328125,6.1962890625,-164.586181640625,77.65140648899622
2025-05-27 21:26:24.668,-1.01923828125,2.8041015625,9.5224609375,-1.03759765625,4.7607421875,-11.04736328125,14.1339111328125,6.492919921875,-164.3719482421875,73.67997435986634
2025-05-27 21:26:24.770,-1.1005859375,2.4787109375000003,9.718652343750001,-4.82177734375,-10.986328125,-4.5166015625,13.46923828125,6.1138916015625,-165.2398681640625,75.77910723437817
2025-05-27 21:26:24.896,-0.9618164062500001,2.65576171875,9.6564453125,12.26806640625,3.60107421875,-0.6103515625,14.205322265625,6.0040283203125,-165.7342529296875,74.6945864047579
2025-05-27 21:26:24.986,-1.0383789062500002,2.7658203125000003,9.699511718750001,2.62451171875,-2.3193359375,-0.244140625,14.9139404296875,6.0479736328125,-165.76171875,74.17035637215847
2025-05-27 21:26:25.109,-1.0958007812500001,2.7418945312500003,9.7138671875,-0.18310546875,-0.48828125,0.0,14.974365234375,5.99853515625,-165.7342529296875,74.3318840947883
2025-05-27 21:26:25.200,-1.03359375,2.8615234375000003,9.589453125,3.173828125,0.18310546875,0.91552734375,15.22705078125,6.04248046875,-165.5914306640625,73.47517740785399
2025-05-27 21:26:25.323,-1.12451171875,3.0146484375,9.49853515625,20.3857421875,28.25927734375,-3.96728515625,16.094970703125,7.349853515625,-165.135498046875,72.50622687898198
2025-05-27 21:26:25.414,-1.7944335937500002,3.2251953125000004,9.484179687500001,6.103515625,12.26806640625,-2.74658203125,17.698974609375,9.7283935546875,-164.6575927734375,71.52384896384189
2025-05-27 21:26:25.539,-1.856640625,3.21083984375,9.42197265625,3.11279296875,5.31005859375,1.46484375,18.1109619140625,10.6732177734375,-164.3939208984375,71.51251662101667
2025-05-27 21:26:25.630,-1.9619140625000002,3.4357421875000003,9.30234375,6.28662109375,8.97216796875,0.79345703125,18.9678955078125,11.3653564453125,-163.905029296875,70.13057656313748
2025-05-27 21:26:25.756,-2.18681640625,3.5075195312500003,9.1587890625,4.57763671875,25.57373046875,-2.3193359375,19.6600341796875,12.8704833984375,-163.4326171875,69.56979804697633
2025-05-27 21:26:25.850,-2.5361328125,3.5792968750000003,9.15400390625,1.52587890625,5.126953125,-1.3427734375,20.2532958984375,14.0789794921875,-163.092041015625,69.3528619074613
2025-05-27 21:26:25.979,-2.39736328125,3.6462890625,9.101367187500001,-4.08935546875,-1.52587890625,-1.28173828125,20.1544189453125,14.029541015625,-163.19091796875,68.82282517137375
2025-05-27 21:26:26.073,-2.49306640625,3.5362304687500004,9.1396484375,-3.60107421875,-1.89208984375,-0.3662109375,19.874267578125,13.9471435546875,-163.27880859375,69.5307434795362
2025-05-27 21:26:26.198,-2.46435546875,3.4931640625000004,9.192285156250001,-4.39453125,-2.8076171875,-0.732421875,19.5172119140625,13.853759765625,-163.3721923828125,69.84438954406383
2025-05-27 21:26:26.290,-2.4021484375,3.4357421875000003,9.173144531250001,-5.615234375,-0.54931640625,-1.708984375,19.0447998046875,13.7109375,-163.5699462890625,70.0832140433329
2025-05-27 21:26:26.419,-2.4834960937500004,3.3208984375000004,9.2544921875,-9.21630859375,7.38525390625,-2.13623046875,18.4185791015625,14.1778564453125,-163.6358642578125,70.88474292950211
