timestamp,lean angle (neck - pelvis)
2025-05-29 21:04:29.589,3.6859130859375
2025-05-29 21:04:29.811,3.680419921875
2025-05-29 21:04:29.856,3.66943359375
2025-05-29 21:04:29.897,3.6199951171875
2025-05-29 21:04:29.933,3.6090087890625
2025-05-29 21:04:29.965,3.603515625
2025-05-29 21:04:29.996,3.5980224609375
2025-05-29 21:04:30.028,3.58154296875
2025-05-29 21:04:30.062,3.5650634765625
2025-05-29 21:04:30.097,3.7078857421875
2025-05-29 21:04:30.128,3.6968994140625
2025-05-29 21:04:30.158,3.680419921875
2025-05-29 21:04:30.188,3.680419921875
2025-05-29 21:04:30.218,3.66943359375
2025-05-29 21:04:30.251,3.7847900390625
2025-05-29 21:04:30.287,3.7847900390625
2025-05-29 21:04:30.319,3.7847900390625
2025-05-29 21:04:30.352,3.2080078125
2025-05-29 21:04:30.383,3.2025146484375
2025-05-29 21:04:30.418,3.1475830078125
2025-05-29 21:04:30.451,3.076171875
2025-05-29 21:04:30.485,2.1588134765625
2025-05-29 21:04:30.518,2.13134765625
2025-05-29 21:04:30.549,2.21923828125
2025-05-29 21:04:30.577,1.593017578125
2025-05-29 21:04:30.607,2.054443359375
2025-05-29 21:04:30.635,3.2080078125
2025-05-29 21:04:30.665,5.8941650390625
2025-05-29 21:04:30.695,3.7353515625
2025-05-29 21:04:30.727,1.2689208984375
2025-05-29 21:04:30.755,9.8712158203125
2025-05-29 21:04:30.782,7.4652099609375
2025-05-29 21:04:30.810,5.1251220703125
2025-05-29 21:04:30.882,3.49365234375
2025-05-29 21:04:30.911,1.1260986328125
2025-05-29 21:04:30.943,4.5208740234375
2025-05-29 21:04:30.976,1.6259765625
2025-05-29 21:04:31.007,0.87890625
2025-05-29 21:04:31.038,0.406494140625
2025-05-29 21:04:31.069,3.0926513671875
2025-05-29 21:04:31.101,6.448974609375
2025-05-29 21:04:31.133,10.30517578125
2025-05-29 21:04:31.168,7.88818359375
2025-05-29 21:04:31.201,9.151611328125
2025-05-29 21:04:31.233,9.569091796875
2025-05-29 21:04:31.266,3.3837890625
2025-05-29 21:04:31.295,5.504150390625
2025-05-29 21:04:31.322,7.58056640625
2025-05-29 21:04:31.349,9.964599609375
2025-05-29 21:04:31.378,4.1143798828125
2025-05-29 21:04:31.404,6.9818115234375
2025-05-29 21:04:31.431,9.788818359375
2025-05-29 21:04:31.458,7.2344970703125
2025-05-29 21:04:31.484,10.777587890625
2025-05-29 21:04:31.511,16.6937255859375
2025-05-29 21:04:31.538,17.7923583984375
2025-05-29 21:04:31.568,11.1676025390625
2025-05-29 21:04:31.598,11.568603515625
2025-05-29 21:04:31.627,10.6402587890625
2025-05-29 21:04:31.656,3.80126953125
2025-05-29 21:04:31.685,3.2025146484375
2025-05-29 21:04:31.715,3.2904052734375
2025-05-29 21:04:31.743,1.64794921875
2025-05-29 21:04:31.771,1.0986328125
2025-05-29 21:04:31.803,0.362548828125
2025-05-29 21:04:31.835,0.5548095703125
2025-05-29 21:04:31.866,0.7086181640625
2025-05-29 21:04:31.897,0.0604248046875
2025-05-29 21:04:31.926,0.472412109375
2025-05-29 21:04:31.956,1.0162353515625
2025-05-29 21:04:31.987,0.94482421875
2025-05-29 21:04:32.018,0.0714111328125
2025-05-29 21:04:32.052,1.307373046875
2025-05-29 21:04:32.085,0.208740234375
2025-05-29 21:04:32.115,2.230224609375
2025-05-29 21:04:32.145,2.230224609375
2025-05-29 21:04:32.175,0.9942626953125
2025-05-29 21:04:32.205,1.043701171875
2025-05-29 21:04:32.236,0.72509765625
2025-05-29 21:04:32.269,0.845947265625
2025-05-29 21:04:32.303,1.5435791015625
2025-05-29 21:04:32.334,0.9283447265625
2025-05-29 21:04:32.366,0.63720703125
2025-05-29 21:04:32.397,0.1922607421875
2025-05-29 21:04:32.428,0.384521484375
2025-05-29 21:04:32.461,1.64794921875
2025-05-29 21:04:32.495,3.84521484375
2025-05-29 21:04:32.527,3.5321044921875
2025-05-29 21:04:32.559,5.482177734375
2025-05-29 21:04:32.590,7.2235107421875
2025-05-29 21:04:32.622,9.0142822265625
2025-05-29 21:04:32.650,4.3450927734375
2025-05-29 21:04:32.678,6.031494140625
2025-05-29 21:04:32.709,10.008544921875
2025-05-29 21:04:32.739,4.833984375
2025-05-29 21:04:32.768,2.65869140625
2025-05-29 21:04:32.796,10.72265625
2025-05-29 21:04:32.824,20.7696533203125
2025-05-29 21:04:32.853,4.2132568359375
2025-05-29 21:04:32.882,12.5244140625
2025-05-29 21:04:32.914,16.9134521484375
2025-05-29 21:04:32.947,2.35107421875
2025-05-29 21:04:32.978,6.0369873046875
2025-05-29 21:04:33.009,8.602294921875
2025-05-29 21:04:33.037,9.9151611328125
2025-05-29 21:04:33.065,2.142333984375
2025-05-29 21:04:33.094,2.4114990234375
2025-05-29 21:04:33.123,11.0797119140625
2025-05-29 21:04:33.153,11.71142578125
2025-05-29 21:04:33.184,11.2994384765625
2025-05-29 21:04:33.214,11.0467529296875
2025-05-29 21:04:33.243,10.8544921875
2025-05-29 21:04:33.272,16.314697265625
2025-05-29 21:04:33.301,15.985107421875
2025-05-29 21:04:33.331,15.897216796875
2025-05-29 21:04:33.361,17.841796875
2025-05-29 21:04:33.392,17.5616455078125
2025-05-29 21:04:33.421,15.6280517578125
2025-05-29 21:04:33.450,13.8153076171875
2025-05-29 21:04:33.479,13.5955810546875
2025-05-29 21:04:33.508,12.50244140625
2025-05-29 21:04:33.537,9.2724609375
2025-05-29 21:04:33.567,7.8607177734375
2025-05-29 21:04:33.601,5.29541015625
2025-05-29 21:04:33.632,8.26171875
2025-05-29 21:04:33.661,7.591552734375
2025-05-29 21:04:33.691,23.807373046875
2025-05-29 21:04:33.721,27.94921875
2025-05-29 21:04:33.751,25.1531982421875
2025-05-29 21:04:33.782,24.8455810546875
2025-05-29 21:04:33.813,22.3077392578125
2025-05-29 21:04:33.841,21.7144775390625
2025-05-29 21:04:33.869,21.895751953125
2025-05-29 21:04:33.906,21.796875
2025-05-29 21:04:33.952,21.0498046875
2025-05-29 21:04:33.987,21.0992431640625
2025-05-29 21:04:34.021,20.489501953125
2025-05-29 21:04:34.064,21.11572265625
2025-05-29 21:04:34.096,25.1312255859375
2025-05-29 21:04:34.126,21.588134765625
2025-05-29 21:04:34.157,27.0867919921875
2025-05-29 21:04:34.189,32.8656005859375
2025-05-29 21:04:34.219,39.188232421875
2025-05-29 21:04:34.252,13.919677734375
2025-05-29 21:04:34.285,27.1966552734375
2025-05-29 21:04:34.317,43.06640625
2025-05-29 21:04:34.347,48.372802734375
2025-05-29 21:04:34.379,18.1549072265625
2025-05-29 21:04:34.409,24.774169921875
2025-05-29 21:04:34.438,34.16748046875
2025-05-29 21:04:34.467,2.515869140625
2025-05-29 21:04:34.498,3.2354736328125
2025-05-29 21:04:34.526,8.7286376953125
2025-05-29 21:04:34.555,15.347900390625
2025-05-29 21:04:34.584,27.982177734375
2025-05-29 21:04:34.612,25.42236328125
2025-05-29 21:04:34.641,44.549560546875
2025-05-29 21:04:34.670,44.5440673828125
2025-05-29 21:04:34.703,44.7967529296875
2025-05-29 21:04:34.734,43.5552978515625
2025-05-29 21:04:34.765,40.8306884765625
2025-05-29 21:04:34.796,33.475341796875
2025-05-29 21:04:34.825,31.4208984375
2025-05-29 21:04:34.853,27.53173828125
2025-05-29 21:04:34.883,22.7911376953125
2025-05-29 21:04:34.917,21.412353515625
2025-05-29 21:04:34.950,25.235595703125
2025-05-29 21:04:34.981,29.619140625
2025-05-29 21:04:35.011,31.7669677734375
2025-05-29 21:04:35.039,33.837890625
2025-05-29 21:04:35.070,37.353515625
2025-05-29 21:04:35.100,40.506591796875
2025-05-29 21:04:35.130,44.6923828125
2025-05-29 21:04:35.164,45.2911376953125
2025-05-29 21:04:35.197,45.9063720703125
2025-05-29 21:04:35.229,44.1650390625
2025-05-29 21:04:35.260,43.846435546875
2025-05-29 21:04:35.292,43.494873046875
2025-05-29 21:04:35.323,40.10009765625
2025-05-29 21:04:35.356,39.715576171875
2025-05-29 21:04:35.389,40.1055908203125
2025-05-29 21:04:35.418,40.682373046875
2025-05-29 21:04:35.446,34.2169189453125
2025-05-29 21:04:35.475,34.5574951171875
2025-05-29 21:04:35.504,35.2056884765625
2025-05-29 21:04:35.533,28.707275390625
2025-05-29 21:04:35.561,28.9874267578125
2025-05-29 21:04:35.596,29.915771484375
2025-05-29 21:04:35.630,32.310791015625
2025-05-29 21:04:35.662,29.7344970703125
2025-05-29 21:04:35.695,27.8338623046875
2025-05-29 21:04:35.726,24.818115234375
2025-05-29 21:04:35.757,36.353759765625
2025-05-29 21:04:35.789,34.8760986328125
2025-05-29 21:04:35.821,32.9864501953125
2025-05-29 21:04:35.853,29.9652099609375
2025-05-29 21:04:35.885,37.37548828125
2025-05-29 21:04:35.920,33.6181640625
2025-05-29 21:04:35.952,32.4041748046875
2025-05-29 21:04:35.983,25.3839111328125
2025-05-29 21:04:36.017,26.12548828125
2025-05-29 21:04:36.050,26.927490234375
2025-05-29 21:04:36.083,27.5042724609375
2025-05-29 21:04:36.117,24.5928955078125
2025-05-29 21:04:36.150,28.7347412109375
2025-05-29 21:04:36.185,32.0361328125
2025-05-29 21:04:36.224,32.2283935546875
2025-05-29 21:04:36.265,30.4595947265625
2025-05-29 21:04:36.303,23.719482421875
2025-05-29 21:04:36.342,21.236572265625
2025-05-29 21:04:36.373,17.5726318359375
2025-05-29 21:04:36.406,16.314697265625
2025-05-29 21:04:36.438,15.66650390625
2025-05-29 21:04:36.469,11.612548828125
2025-05-29 21:04:36.504,11.964111328125
2025-05-29 21:04:36.538,6.4984130859375
2025-05-29 21:04:36.571,2.52685546875
2025-05-29 21:04:36.605,10.3765869140625
2025-05-29 21:04:36.638,12.6507568359375
2025-05-29 21:04:36.670,7.6190185546875
2025-05-29 21:04:36.702,20.58837890625
2025-05-29 21:04:36.737,17.940673828125
2025-05-29 21:04:36.774,19.00634765625
2025-05-29 21:04:36.806,18.116455078125
2025-05-29 21:04:36.838,11.8377685546875
2025-05-29 21:04:36.870,11.162109375
2025-05-29 21:04:36.899,8.701171875
2025-05-29 21:04:36.928,4.89990234375
2025-05-29 21:04:36.958,1.593017578125
2025-05-29 21:04:36.989,2.74658203125
2025-05-29 21:04:37.019,9.1790771484375
2025-05-29 21:04:37.049,7.0037841796875
2025-05-29 21:04:37.078,11.392822265625
2025-05-29 21:04:37.109,14.930419921875
2025-05-29 21:04:37.138,11.35986328125
2025-05-29 21:04:37.167,14.5074462890625
2025-05-29 21:04:37.198,18.226318359375
2025-05-29 21:04:37.228,20.5389404296875
2025-05-29 21:04:37.257,20.7037353515625
2025-05-29 21:04:37.286,24.246826171875
2025-05-29 21:04:37.315,28.641357421875
2025-05-29 21:04:37.344,27.8668212890625
2025-05-29 21:04:37.373,30.3387451171875
2025-05-29 21:04:37.404,31.168212890625
2025-05-29 21:04:37.436,31.640625
2025-05-29 21:04:37.464,20.54443359375
2025-05-29 21:04:37.494,20.3192138671875
2025-05-29 21:04:37.524,21.37939453125
2025-05-29 21:04:37.553,14.6282958984375
2025-05-29 21:04:37.583,17.7703857421875
2025-05-29 21:04:37.614,21.37939453125
2025-05-29 21:04:37.645,11.810302734375
2025-05-29 21:04:37.673,14.886474609375
2025-05-29 21:04:37.701,17.0452880859375
2025-05-29 21:04:37.729,13.5736083984375
2025-05-29 21:04:37.758,12.76611328125
2025-05-29 21:04:37.787,11.2225341796875
2025-05-29 21:04:37.816,12.7496337890625
2025-05-29 21:04:37.846,7.0477294921875
2025-05-29 21:04:37.876,9.107666015625
2025-05-29 21:04:37.906,9.591064453125
2025-05-29 21:04:37.934,8.1573486328125
2025-05-29 21:04:37.962,5.8282470703125
2025-05-29 21:04:37.990,3.9495849609375
2025-05-29 21:04:38.019,4.317626953125
2025-05-29 21:04:38.050,3.6529541015625
2025-05-29 21:04:38.078,1.64794921875
2025-05-29 21:04:38.112,0.626220703125
2025-05-29 21:04:38.142,3.05419921875
2025-05-29 21:04:38.169,10.6951904296875
2025-05-29 21:04:38.198,11.876220703125
2025-05-29 21:04:38.227,11.217041015625
2025-05-29 21:04:38.255,10.909423828125
2025-05-29 21:04:38.283,15.7489013671875
2025-05-29 21:04:38.313,16.611328125
2025-05-29 21:04:38.344,17.1771240234375
2025-05-29 21:04:38.372,17.9022216796875
2025-05-29 21:04:38.400,18.5833740234375
2025-05-29 21:04:38.428,19.599609375
2025-05-29 21:04:38.458,20.2093505859375
2025-05-29 21:04:38.489,20.9124755859375
2025-05-29 21:04:38.522,20.6378173828125
2025-05-29 21:04:38.559,20.006103515625
2025-05-29 21:04:38.593,20.9674072265625
2025-05-29 21:04:38.625,20.5389404296875
2025-05-29 21:04:38.655,20.0445556640625
2025-05-29 21:04:38.685,19.44580078125
2025-05-29 21:04:38.713,22.0440673828125
2025-05-29 21:04:38.745,21.6265869140625
2025-05-29 21:04:38.776,21.533203125
2025-05-29 21:04:38.808,21.6925048828125
2025-05-29 21:04:38.839,21.126708984375
2025-05-29 21:04:38.867,19.434814453125
2025-05-29 21:04:38.898,17.8033447265625
2025-05-29 21:04:38.927,17.138671875
2025-05-29 21:04:38.958,14.974365234375
2025-05-29 21:04:38.989,12.952880859375
2025-05-29 21:04:39.025,15.3314208984375
2025-05-29 21:04:39.057,12.2113037109375
2025-05-29 21:04:39.089,9.052734375
2025-05-29 21:04:39.123,6.7291259765625
2025-05-29 21:04:39.155,12.1343994140625
2025-05-29 21:04:39.188,10.1898193359375
2025-05-29 21:04:39.220,9.7283935546875
2025-05-29 21:04:39.254,8.63525390625
2025-05-29 21:04:39.283,7.2784423828125
2025-05-29 21:04:39.314,5.6085205078125
2025-05-29 21:04:39.348,2.4224853515625
2025-05-29 21:04:39.378,2.1807861328125
2025-05-29 21:04:39.410,2.3565673828125
2025-05-29 21:04:39.444,3.8177490234375
2025-05-29 21:04:39.475,4.449462890625
2025-05-29 21:04:39.506,3.3233642578125
2025-05-29 21:04:39.538,3.350830078125
2025-05-29 21:04:39.569,4.2132568359375
2025-05-29 21:04:39.601,10.294189453125
2025-05-29 21:04:39.631,11.0302734375
2025-05-29 21:04:39.664,10.821533203125
2025-05-29 21:04:39.696,15.71044921875
2025-05-29 21:04:39.728,14.5843505859375
2025-05-29 21:04:39.763,11.744384765625
2025-05-29 21:04:39.797,8.4649658203125
2025-05-29 21:04:39.828,13.3978271484375
2025-05-29 21:04:39.861,9.0966796875
2025-05-29 21:04:39.894,4.822998046875
2025-05-29 21:04:39.927,1.7633056640625
2025-05-29 21:04:39.959,0.736083984375
2025-05-29 21:04:39.990,1.8017578125
2025-05-29 21:04:40.019,2.6092529296875
2025-05-29 21:04:40.051,3.66943359375
2025-05-29 21:04:40.082,4.6142578125
2025-05-29 21:04:40.115,5.5426025390625
2025-05-29 21:04:40.148,3.8671875
2025-05-29 21:04:40.178,5.614013671875
2025-05-29 21:04:40.209,7.305908203125
2025-05-29 21:04:40.241,8.9923095703125
2025-05-29 21:04:40.270,12.249755859375
2025-05-29 21:04:40.303,14.271240234375
2025-05-29 21:04:40.335,15.567626953125
2025-05-29 21:04:40.367,18.8525390625
2025-05-29 21:04:40.398,20.2752685546875
2025-05-29 21:04:40.428,21.1651611328125
2025-05-29 21:04:40.459,22.4945068359375
2025-05-29 21:04:40.490,28.01513671875
2025-05-29 21:04:40.521,28.71826171875
2025-05-29 21:04:40.555,28.7457275390625
2025-05-29 21:04:40.588,26.2188720703125
2025-05-29 21:04:40.619,26.5869140625
2025-05-29 21:04:40.651,26.52099609375
2025-05-29 21:04:40.682,27.366943359375
2025-05-29 21:04:40.713,25.7904052734375
2025-05-29 21:04:40.747,26.685791015625
2025-05-29 21:04:40.782,26.8780517578125
2025-05-29 21:04:40.815,27.9052734375
2025-05-29 21:04:40.848,26.60888671875
2025-05-29 21:04:40.881,25.0543212890625
2025-05-29 21:04:40.913,23.6260986328125
2025-05-29 21:04:40.946,23.0218505859375
2025-05-29 21:04:40.978,22.7362060546875
2025-05-29 21:04:41.010,21.829833984375
2025-05-29 21:04:41.039,16.8035888671875
2025-05-29 21:04:41.069,15.556640625
2025-05-29 21:04:41.098,14.1339111328125
2025-05-29 21:04:41.128,12.843017578125
2025-05-29 21:04:41.161,12.0465087890625
2025-05-29 21:04:41.193,11.57958984375
2025-05-29 21:04:41.225,11.4093017578125
2025-05-29 21:04:41.259,10.61279296875
2025-05-29 21:04:41.292,10.30517578125
2025-05-29 21:04:41.323,9.964599609375
2025-05-29 21:04:41.355,10.4205322265625
2025-05-29 21:04:41.387,10.39306640625
2025-05-29 21:04:41.419,10.9478759765625
2025-05-29 21:04:41.451,11.524658203125
2025-05-29 21:04:41.484,11.5740966796875
2025-05-29 21:04:41.517,12.1453857421875
2025-05-29 21:04:41.547,12.6507568359375
2025-05-29 21:04:41.576,12.8594970703125
2025-05-29 21:04:41.604,12.5408935546875
2025-05-29 21:04:41.634,12.645263671875
2025-05-29 21:04:41.666,12.2882080078125
2025-05-29 21:04:41.699,12.3211669921875
2025-05-29 21:04:41.730,12.3870849609375
2025-05-29 21:04:41.762,12.4200439453125
2025-05-29 21:04:41.794,12.4310302734375
2025-05-29 21:04:41.825,11.162109375
2025-05-29 21:04:41.857,11.162109375
2025-05-29 21:04:41.892,11.1346435546875
2025-05-29 21:04:41.925,10.3216552734375
2025-05-29 21:04:41.956,10.2996826171875
2025-05-29 21:04:41.988,10.2886962890625
2025-05-29 21:04:42.020,10.30517578125
2025-05-29 21:04:42.050,10.0250244140625
2025-05-29 21:04:42.085,10.1348876953125
2025-05-29 21:04:42.117,10.26123046875
2025-05-29 21:04:42.150,9.7393798828125
2025-05-29 21:04:42.182,10.0030517578125
2025-05-29 21:04:42.214,10.184326171875
2025-05-29 21:04:42.246,10.426025390625
2025-05-29 21:04:42.278,8.96484375
2025-05-29 21:04:42.311,9.459228515625
2025-05-29 21:04:42.346,9.51416015625
2025-05-29 21:04:42.379,9.7613525390625
2025-05-29 21:04:42.413,9.854736328125
2025-05-29 21:04:42.446,9.99755859375
2025-05-29 21:04:42.478,10.8709716796875
2025-05-29 21:04:42.511,11.1566162109375
2025-05-29 21:04:42.547,11.3323974609375
2025-05-29 21:04:42.583,11.3543701171875
2025-05-29 21:04:42.616,10.6182861328125
2025-05-29 21:04:42.649,10.5963134765625
2025-05-29 21:04:42.682,10.6622314453125
2025-05-29 21:04:42.714,10.7281494140625
2025-05-29 21:04:42.746,10.5633544921875
2025-05-29 21:04:42.779,10.6072998046875
2025-05-29 21:04:42.810,10.5743408203125
2025-05-29 21:04:42.839,11.18408203125
2025-05-29 21:04:42.870,11.1456298828125
2025-05-29 21:04:42.902,11.107177734375
2025-05-29 21:04:42.931,11.0302734375
2025-05-29 21:04:42.963,11.2664794921875
2025-05-29 21:04:42.996,11.041259765625
2025-05-29 21:04:43.029,10.9918212890625
2025-05-29 21:04:43.063,11.480712890625
2025-05-29 21:04:43.097,11.97509765625
2025-05-29 21:04:43.128,13.1121826171875
2025-05-29 21:04:43.160,15.31494140625
2025-05-29 21:04:43.193,17.90771484375
2025-05-29 21:04:43.227,21.2255859375
2025-05-29 21:04:43.263,22.576904296875
2025-05-29 21:04:43.297,19.40185546875
2025-05-29 21:04:43.329,17.9351806640625
2025-05-29 21:04:43.362,17.1881103515625
2025-05-29 21:04:43.394,18.1329345703125
2025-05-29 21:04:43.427,15.875244140625
2025-05-29 21:04:43.461,17.0233154296875
2025-05-29 21:04:43.498,17.874755859375
2025-05-29 21:04:43.531,19.0997314453125
2025-05-29 21:04:43.564,19.57763671875
2025-05-29 21:04:43.598,19.9346923828125
2025-05-29 21:04:43.629,20.7586669921875
2025-05-29 21:04:43.661,25.02685546875
2025-05-29 21:04:43.694,26.21337890625
2025-05-29 21:04:43.729,28.1414794921875
2025-05-29 21:04:43.763,28.85009765625
2025-05-29 21:04:43.797,27.97119140625
2025-05-29 21:04:43.830,26.1090087890625
2025-05-29 21:04:43.862,23.499755859375
2025-05-29 21:04:43.895,25.9112548828125
2025-05-29 21:04:43.929,23.3624267578125
2025-05-29 21:04:43.964,20.1654052734375
2025-05-29 21:04:43.994,22.8131103515625
2025-05-29 21:04:44.023,19.51171875
2025-05-29 21:04:44.052,16.270751953125
2025-05-29 21:04:44.082,17.6605224609375
2025-05-29 21:04:44.111,13.6834716796875
2025-05-29 21:04:44.141,12.3486328125
2025-05-29 21:04:44.170,16.072998046875
2025-05-29 21:04:44.201,16.1773681640625
2025-05-29 21:04:44.230,16.3916015625
2025-05-29 21:04:44.261,16.2103271484375
2025-05-29 21:04:44.290,15.853271484375
2025-05-29 21:04:44.318,18.533935546875
2025-05-29 21:04:44.348,16.3916015625
2025-05-29 21:04:44.379,14.65576171875
2025-05-29 21:04:44.411,14.96337890625
2025-05-29 21:04:44.440,14.490966796875
2025-05-29 21:04:44.469,16.10595703125
2025-05-29 21:04:44.499,17.1661376953125
2025-05-29 21:04:44.527,17.42431640625
2025-05-29 21:04:44.558,17.5341796875
2025-05-29 21:04:44.588,17.5726318359375
2025-05-29 21:04:44.618,18.39111328125
2025-05-29 21:04:44.648,18.577880859375
2025-05-29 21:04:44.677,18.7261962890625
2025-05-29 21:04:44.707,18.896484375
2025-05-29 21:04:44.736,19.2205810546875
2025-05-29 21:04:44.764,19.500732421875
2025-05-29 21:04:44.795,19.79736328125
2025-05-29 21:04:44.827,21.3079833984375
2025-05-29 21:04:44.858,21.796875
2025-05-29 21:04:44.888,22.3187255859375
2025-05-29 21:04:44.918,22.60986328125
2025-05-29 21:04:44.948,23.1866455078125
2025-05-29 21:04:44.977,23.02734375
2025-05-29 21:04:45.008,23.0328369140625
2025-05-29 21:04:45.037,22.818603515625
2025-05-29 21:04:45.067,22.8955078125
2025-05-29 21:04:45.098,22.8955078125
2025-05-29 21:04:45.128,21.5386962890625
2025-05-29 21:04:45.157,21.5167236328125
2025-05-29 21:04:45.186,22.0001220703125
2025-05-29 21:04:45.217,22.47802734375
2025-05-29 21:04:45.248,18.270263671875
2025-05-29 21:04:45.278,18.138427734375
2025-05-29 21:04:45.308,17.6275634765625
2025-05-29 21:04:45.337,17.4462890625
2025-05-29 21:04:45.367,11.97509765625
2025-05-29 21:04:45.397,12.4749755859375
2025-05-29 21:04:45.426,13.1341552734375
2025-05-29 21:04:45.456,10.909423828125
2025-05-29 21:04:45.485,11.6619873046875
2025-05-29 21:04:45.515,12.6397705078125
2025-05-29 21:04:45.543,11.1346435546875
2025-05-29 21:04:45.571,12.755126953125
2025-05-29 21:04:45.600,15.501708984375
2025-05-29 21:04:45.628,17.0068359375
2025-05-29 21:04:45.655,16.98486328125
2025-05-29 21:04:45.685,16.4190673828125
2025-05-29 21:04:45.716,14.7711181640625
2025-05-29 21:04:45.746,13.458251953125
2025-05-29 21:04:45.774,12.1124267578125
2025-05-29 21:04:45.802,11.304931640625
2025-05-29 21:04:45.830,10.4864501953125
2025-05-29 21:04:45.857,9.1241455078125
2025-05-29 21:04:45.884,7.8057861328125
2025-05-29 21:04:45.914,6.3116455078125
2025-05-29 21:04:45.946,5.888671875
2025-05-29 21:04:45.978,4.163818359375
2025-05-29 21:04:46.008,4.2462158203125
2025-05-29 21:04:46.038,4.185791015625
2025-05-29 21:04:46.068,2.9168701171875
2025-05-29 21:04:46.098,2.6202392578125
2025-05-29 21:04:46.127,2.449951171875
2025-05-29 21:04:46.156,2.4774169921875
2025-05-29 21:04:46.187,2.8399658203125
2025-05-29 21:04:46.219,2.9278564453125
2025-05-29 21:04:46.248,3.2904052734375
2025-05-29 21:04:46.277,2.5872802734375
2025-05-29 21:04:46.309,2.801513671875
2025-05-29 21:04:46.339,3.131103515625
2025-05-29 21:04:46.370,3.306884765625
2025-05-29 21:04:46.401,2.8399658203125
2025-05-29 21:04:46.431,2.9827880859375
2025-05-29 21:04:46.461,3.087158203125
2025-05-29 21:04:46.493,3.2135009765625
2025-05-29 21:04:46.525,3.372802734375
2025-05-29 21:04:46.559,3.4222412109375
2025-05-29 21:04:46.591,3.702392578125
2025-05-29 21:04:46.623,4.0484619140625
2025-05-29 21:04:46.656,4.4659423828125
2025-05-29 21:04:46.685,4.6142578125
2025-05-29 21:04:46.717,4.06494140625
2025-05-29 21:04:46.746,4.3121337890625
2025-05-29 21:04:46.777,4.50439453125
2025-05-29 21:04:46.811,4.5428466796875
2025-05-29 21:04:46.849,4.85595703125
2025-05-29 21:04:46.878,4.976806640625
2025-05-29 21:04:46.911,5.0152587890625
2025-05-29 21:04:46.942,5.3997802734375
2025-05-29 21:04:46.970,5.51513671875
2025-05-29 21:04:47.002,5.811767578125
2025-05-29 21:04:47.033,5.987548828125
2025-05-29 21:04:47.067,5.44921875
2025-05-29 21:04:47.097,5.5426025390625
2025-05-29 21:04:47.127,5.5535888671875
2025-05-29 21:04:47.157,5.4656982421875
2025-05-29 21:04:47.187,5.548095703125
2025-05-29 21:04:47.222,5.679931640625
2025-05-29 21:04:47.257,5.7843017578125
2025-05-29 21:04:47.288,5.80078125
2025-05-29 21:04:47.319,6.009521484375
2025-05-29 21:04:47.349,6.3116455078125
2025-05-29 21:04:47.377,6.7236328125
2025-05-29 21:04:47.407,7.349853515625
2025-05-29 21:04:47.437,7.4761962890625
2025-05-29 21:04:47.466,6.0809326171875
2025-05-29 21:04:47.501,5.6689453125
2025-05-29 21:04:47.531,4.295654296875
2025-05-29 21:04:47.561,4.0264892578125
2025-05-29 21:04:47.590,5.5426025390625
2025-05-29 21:04:47.619,7.0751953125
2025-05-29 21:04:47.647,10.4644775390625
2025-05-29 21:04:47.676,14.8974609375
2025-05-29 21:04:47.706,18.8580322265625
2025-05-29 21:04:47.736,22.9888916015625
2025-05-29 21:04:47.764,25.37841796875
2025-05-29 21:04:47.794,30.992431640625
2025-05-29 21:04:47.824,33.1787109375
2025-05-29 21:04:47.853,34.6783447265625
2025-05-29 21:04:47.882,35.1123046875
2025-05-29 21:04:47.913,42.0062255859375
2025-05-29 21:04:47.943,42.20947265625
2025-05-29 21:04:47.971,45.6976318359375
2025-05-29 21:04:48.001,45.318603515625
2025-05-29 21:04:48.029,43.7255859375
2025-05-29 21:04:48.057,41.220703125
2025-05-29 21:04:48.085,39.3475341796875
2025-05-29 21:04:48.116,40.3912353515625
2025-05-29 21:04:48.148,38.3642578125
2025-05-29 21:04:48.177,35.31005859375
2025-05-29 21:04:48.205,34.6014404296875
2025-05-29 21:04:48.234,31.7449951171875
2025-05-29 21:04:48.261,30.9375
2025-05-29 21:04:48.289,32.1844482421875
2025-05-29 21:04:48.319,30.311279296875
2025-05-29 21:04:48.348,31.8109130859375
2025-05-29 21:04:48.377,32.9644775390625
2025-05-29 21:04:48.406,30.65185546875
2025-05-29 21:04:48.435,30.30029296875
2025-05-29 21:04:48.465,30.069580078125
2025-05-29 21:04:48.494,28.531494140625
2025-05-29 21:04:48.523,28.5150146484375
2025-05-29 21:04:48.553,28.388671875
2025-05-29 21:04:48.582,28.4710693359375
2025-05-29 21:04:48.614,28.2952880859375
2025-05-29 21:04:48.644,28.4490966796875
2025-05-29 21:04:48.673,28.619384765625
2025-05-29 21:04:48.703,28.67431640625
2025-05-29 21:04:48.732,28.641357421875
2025-05-29 21:04:48.763,28.641357421875
2025-05-29 21:04:48.793,28.2733154296875
2025-05-29 21:04:48.824,28.2843017578125
2025-05-29 21:04:48.853,28.30078125
2025-05-29 21:04:48.881,28.2623291015625
2025-05-29 21:04:48.911,28.201904296875
2025-05-29 21:04:48.941,27.740478515625
2025-05-29 21:04:48.970,27.7130126953125
2025-05-29 21:04:49.001,27.5701904296875
2025-05-29 21:04:49.031,25.9771728515625
2025-05-29 21:04:49.060,25.806884765625
2025-05-29 21:04:49.089,25.543212890625
2025-05-29 21:04:49.119,25.1312255859375
2025-05-29 21:04:49.148,20.14892578125
2025-05-29 21:04:49.177,19.9456787109375
2025-05-29 21:04:49.210,17.1002197265625
2025-05-29 21:04:49.241,16.8585205078125
2025-05-29 21:04:49.270,16.688232421875
2025-05-29 21:04:49.298,16.534423828125
2025-05-29 21:04:49.327,16.3092041015625
2025-05-29 21:04:49.356,16.32568359375
2025-05-29 21:04:49.385,16.2322998046875
2025-05-29 21:04:49.415,16.534423828125
2025-05-29 21:04:49.446,16.4849853515625
2025-05-29 21:04:49.476,16.435546875
2025-05-29 21:04:49.505,16.3311767578125
2025-05-29 21:04:49.535,16.3092041015625
2025-05-29 21:04:49.564,16.14990234375
2025-05-29 21:04:49.593,16.1663818359375
2025-05-29 21:04:49.623,16.1334228515625
2025-05-29 21:04:49.654,15.6829833984375
2025-05-29 21:04:49.683,15.71044921875
2025-05-29 21:04:49.712,15.7489013671875
2025-05-29 21:04:49.741,15.809326171875
2025-05-29 21:04:49.770,15.6610107421875
2025-05-29 21:04:49.799,15.699462890625
2025-05-29 21:04:49.828,15.8258056640625
2025-05-29 21:04:49.860,15.3643798828125
2025-05-29 21:04:49.892,15.4522705078125
2025-05-29 21:04:49.927,15.49072265625
2025-05-29 21:04:49.958,15.49072265625
2025-05-29 21:04:49.990,14.974365234375
2025-05-29 21:04:50.020,14.9853515625
2025-05-29 21:04:50.050,14.9798583984375
2025-05-29 21:04:50.080,14.8809814453125
2025-05-29 21:04:50.114,14.8974609375
2025-05-29 21:04:50.146,14.9249267578125
2025-05-29 21:04:50.176,14.952392578125
2025-05-29 21:04:50.206,14.6832275390625
2025-05-29 21:04:50.238,14.6942138671875
2025-05-29 21:04:50.270,14.7161865234375
2025-05-29 21:04:50.303,14.4415283203125
2025-05-29 21:04:50.334,14.468994140625
2025-05-29 21:04:50.363,14.490966796875
2025-05-29 21:04:50.391,14.4964599609375
2025-05-29 21:04:50.420,14.326171875
2025-05-29 21:04:50.448,14.3701171875
2025-05-29 21:04:50.476,14.359130859375
2025-05-29 21:04:50.508,14.1448974609375
2025-05-29 21:04:50.540,14.1064453125
2025-05-29 21:04:50.572,14.0789794921875
2025-05-29 21:04:50.604,14.0240478515625
2025-05-29 21:04:50.636,13.9361572265625
2025-05-29 21:04:50.666,13.9581298828125
2025-05-29 21:04:50.698,13.941650390625
2025-05-29 21:04:50.729,13.8262939453125
2025-05-29 21:04:50.762,13.8043212890625
2025-05-29 21:04:50.797,13.743896484375
2025-05-29 21:04:50.829,13.6505126953125
2025-05-29 21:04:50.860,13.4637451171875
2025-05-29 21:04:50.892,13.3758544921875
2025-05-29 21:04:50.922,13.2550048828125
2025-05-29 21:04:50.955,13.128662109375
2025-05-29 21:04:50.987,12.98583984375
2025-05-29 21:04:51.019,12.8485107421875
2025-05-29 21:04:51.051,12.6947021484375
2025-05-29 21:04:51.081,12.821044921875
2025-05-29 21:04:51.112,12.7825927734375
2025-05-29 21:04:51.144,12.755126953125
2025-05-29 21:04:51.176,12.7166748046875
2025-05-29 21:04:51.204,12.777099609375
2025-05-29 21:04:51.234,12.8594970703125
2025-05-29 21:04:51.264,12.8814697265625
2025-05-29 21:04:51.294,12.9034423828125
2025-05-29 21:04:51.322,12.908935546875
2025-05-29 21:04:51.351,12.908935546875
2025-05-29 21:04:51.380,12.755126953125
2025-05-29 21:04:51.411,12.7606201171875
2025-05-29 21:04:51.442,12.667236328125
2025-05-29 21:04:51.474,12.579345703125
2025-05-29 21:04:51.506,11.09619140625
2025-05-29 21:04:51.536,10.8380126953125
2025-05-29 21:04:51.566,10.5853271484375
2025-05-29 21:04:51.597,9.4866943359375
2025-05-29 21:04:51.630,9.2559814453125
2025-05-29 21:04:51.667,9.0582275390625
2025-05-29 21:04:51.700,8.9593505859375
2025-05-29 21:04:51.731,9.25048828125
2025-05-29 21:04:51.765,9.25048828125
2025-05-29 21:04:51.796,9.2559814453125
2025-05-29 21:04:51.830,8.9044189453125
2025-05-29 21:04:51.869,8.89892578125
2025-05-29 21:04:51.904,8.9044189453125
2025-05-29 21:04:51.937,8.89892578125
2025-05-29 21:04:51.967,8.074951171875
2025-05-29 21:04:51.997,8.118896484375
2025-05-29 21:04:52.027,8.15185546875
2025-05-29 21:04:52.058,7.93212890625
2025-05-29 21:04:52.091,7.9595947265625
2025-05-29 21:04:52.124,7.9925537109375
2025-05-29 21:04:52.157,7.9705810546875
2025-05-29 21:04:52.189,7.646484375
2025-05-29 21:04:52.220,7.6080322265625
2025-05-29 21:04:52.252,7.4871826171875
2025-05-29 21:04:52.285,7.2454833984375
2025-05-29 21:04:52.317,7.0916748046875
2025-05-29 21:04:52.350,7.0037841796875
2025-05-29 21:04:52.384,6.943359375
2025-05-29 21:04:52.417,7.1356201171875
2025-05-29 21:04:52.449,7.0697021484375
2025-05-29 21:04:52.480,7.2784423828125
2025-05-29 21:04:52.515,7.2344970703125
2025-05-29 21:04:52.552,7.2125244140625
2025-05-29 21:04:52.593,7.218017578125
2025-05-29 21:04:52.625,5.7073974609375
2025-05-29 21:04:52.656,5.73486328125
2025-05-29 21:04:52.686,5.5810546875
2025-05-29 21:04:52.716,5.361328125
2025-05-29 21:04:52.750,2.57080078125
2025-05-29 21:04:52.781,2.17529296875
2025-05-29 21:04:52.812,2.142333984375
2025-05-29 21:04:52.841,2.17529296875
2025-05-29 21:04:52.871,3.218994140625
2025-05-29 21:04:52.906,2.3675537109375
2025-05-29 21:04:52.937,1.0986328125
2025-05-29 21:04:52.969,1.8072509765625
2025-05-29 21:04:52.999,0.81298828125
2025-05-29 21:04:53.031,0.17578125
2025-05-29 21:04:53.061,1.2744140625
2025-05-29 21:04:53.091,0.7965087890625
2025-05-29 21:04:53.122,0.4833984375
2025-05-29 21:04:53.155,1.0107421875
2025-05-29 21:04:53.187,3.69140625
2025-05-29 21:04:53.220,4.185791015625
2025-05-29 21:04:53.253,4.7021484375
2025-05-29 21:04:53.287,4.471435546875
2025-05-29 21:04:53.319,5.09765625
2025-05-29 21:04:53.350,4.7406005859375
2025-05-29 21:04:53.381,4.2572021484375
2025-05-29 21:04:53.415,4.1033935546875
2025-05-29 21:04:53.450,3.3563232421875
2025-05-29 21:04:53.487,2.1258544921875
2025-05-29 21:04:53.520,0.977783203125
2025-05-29 21:04:53.553,0.8349609375
2025-05-29 21:04:53.585,0.59326171875
2025-05-29 21:04:53.618,0.9722900390625
2025-05-29 21:04:53.650,0.3955078125
2025-05-29 21:04:53.679,0.966796875
2025-05-29 21:04:53.712,1.5380859375
2025-05-29 21:04:53.741,1.8621826171875
2025-05-29 21:04:53.773,1.9830322265625
2025-05-29 21:04:53.802,2.274169921875
2025-05-29 21:04:53.832,2.26318359375
2025-05-29 21:04:53.863,1.7852783203125
2025-05-29 21:04:53.895,1.3787841796875
2025-05-29 21:04:53.925,1.087646484375
2025-05-29 21:04:53.954,1.0052490234375
2025-05-29 21:04:53.987,1.175537109375
2025-05-29 21:04:54.018,1.373291015625
2025-05-29 21:04:54.049,1.351318359375
2025-05-29 21:04:54.082,1.7413330078125
2025-05-29 21:04:54.118,2.021484375
2025-05-29 21:04:54.152,2.30712890625
2025-05-29 21:04:54.184,2.2796630859375
2025-05-29 21:04:54.216,2.735595703125
2025-05-29 21:04:54.249,3.0596923828125
2025-05-29 21:04:54.282,3.2574462890625
2025-05-29 21:04:54.314,3.2135009765625
2025-05-29 21:04:54.348,3.3343505859375
2025-05-29 21:04:54.380,3.416748046875
2025-05-29 21:04:54.413,3.614501953125
2025-05-29 21:04:54.443,3.636474609375
2025-05-29 21:04:54.475,3.8946533203125
2025-05-29 21:04:54.508,4.010009765625
2025-05-29 21:04:54.540,4.02099609375
2025-05-29 21:04:54.574,4.19677734375
2025-05-29 21:04:54.609,4.4000244140625
2025-05-29 21:04:54.640,4.6636962890625
2025-05-29 21:04:54.673,4.6142578125
2025-05-29 21:04:54.704,4.932861328125
2025-05-29 21:04:54.738,5.1910400390625
2025-05-29 21:04:54.771,4.98779296875
2025-05-29 21:04:54.807,5.2130126953125
2025-05-29 21:04:54.840,5.361328125
2025-05-29 21:04:54.873,5.526123046875
2025-05-29 21:04:54.904,5.3778076171875
2025-05-29 21:04:54.934,5.635986328125
2025-05-29 21:04:54.966,5.95458984375
2025-05-29 21:04:55.000,5.8172607421875
2025-05-29 21:04:55.034,6.141357421875
2025-05-29 21:04:55.067,6.470947265625
2025-05-29 21:04:55.100,6.8829345703125
2025-05-29 21:04:55.133,6.822509765625
2025-05-29 21:04:55.166,7.1905517578125
2025-05-29 21:04:55.200,8.184814453125
2025-05-29 21:04:55.233,7.8662109375
2025-05-29 21:04:55.279,8.602294921875
2025-05-29 21:04:55.327,9.2340087890625
2025-05-29 21:04:55.365,9.7174072265625
2025-05-29 21:04:55.402,9.4866943359375
2025-05-29 21:04:55.441,9.9041748046875
2025-05-29 21:04:55.480,10.162353515625
2025-05-29 21:04:55.521,9.8931884765625
2025-05-29 21:04:55.561,10.2777099609375
2025-05-29 21:04:55.601,10.74462890625
2025-05-29 21:04:55.637,11.3104248046875
2025-05-29 21:04:55.670,11.2884521484375
2025-05-29 21:04:55.705,12.3431396484375
2025-05-29 21:04:55.738,11.162109375
2025-05-29 21:04:55.771,12.9473876953125
2025-05-29 21:04:55.805,15.6390380859375
2025-05-29 21:04:55.837,18.0780029296875
2025-05-29 21:04:55.872,18.116455078125
2025-05-29 21:04:55.908,19.0887451171875
2025-05-29 21:04:55.940,18.6602783203125
2025-05-29 21:04:55.971,17.8802490234375
2025-05-29 21:04:56.002,21.0113525390625
2025-05-29 21:04:56.033,20.2972412109375
2025-05-29 21:04:56.065,15.8807373046875
2025-05-29 21:04:56.097,10.9423828125
2025-05-29 21:04:56.128,13.765869140625
2025-05-29 21:04:56.162,14.6063232421875
2025-05-29 21:04:56.194,16.5509033203125
2025-05-29 21:04:56.226,15.2874755859375
2025-05-29 21:04:56.259,16.7376708984375
2025-05-29 21:04:56.293,16.9793701171875
2025-05-29 21:04:56.327,16.358642578125
2025-05-29 21:04:56.361,16.072998046875
2025-05-29 21:04:56.396,15.919189453125
2025-05-29 21:04:56.430,15.5621337890625
2025-05-29 21:04:56.463,15.4248046875
2025-05-29 21:04:56.497,14.2218017578125
2025-05-29 21:04:56.529,13.6065673828125
2025-05-29 21:04:56.563,13.612060546875
2025-05-29 21:04:56.597,11.9586181640625
2025-05-29 21:04:56.632,11.9586181640625
2025-05-29 21:04:56.666,10.9918212890625
2025-05-29 21:04:56.701,11.05224609375
2025-05-29 21:04:56.734,11.524658203125
2025-05-29 21:04:56.768,11.4202880859375
2025-05-29 21:04:56.803,11.019287109375
2025-05-29 21:04:56.837,11.4422607421875
2025-05-29 21:04:56.876,12.0245361328125
2025-05-29 21:04:56.911,12.908935546875
2025-05-29 21:04:56.946,12.9034423828125
2025-05-29 21:04:56.978,13.3538818359375
2025-05-29 21:04:57.013,13.68896484375
2025-05-29 21:04:57.047,13.3319091796875
2025-05-29 21:04:57.080,14.8699951171875
2025-05-29 21:04:57.115,14.227294921875
2025-05-29 21:04:57.149,13.8592529296875
2025-05-29 21:04:57.180,15.2764892578125
2025-05-29 21:04:57.213,16.0455322265625
2025-05-29 21:04:57.248,16.259765625
2025-05-29 21:04:57.280,16.204833984375
2025-05-29 21:04:57.315,16.28173828125
2025-05-29 21:04:57.349,16.8365478515625
2025-05-29 21:04:57.382,15.57861328125
2025-05-29 21:04:57.416,16.138916015625
2025-05-29 21:04:57.450,16.01806640625
2025-05-29 21:04:57.484,15.7159423828125
2025-05-29 21:04:57.518,15.611572265625
2025-05-29 21:04:57.556,14.820556640625
2025-05-29 21:04:57.591,14.6832275390625
2025-05-29 21:04:57.624,14.5953369140625
2025-05-29 21:04:57.654,13.436279296875
2025-05-29 21:04:57.684,13.0792236328125
2025-05-29 21:04:57.718,11.5740966796875
2025-05-29 21:04:57.750,9.31640625
2025-05-29 21:04:57.785,9.2779541015625
2025-05-29 21:04:57.819,8.1134033203125
2025-05-29 21:04:57.852,7.152099609375
2025-05-29 21:04:57.885,7.0806884765625
2025-05-29 21:04:57.919,5.921630859375
2025-05-29 21:04:57.952,4.317626953125
2025-05-29 21:04:57.982,3.0816650390625
2025-05-29 21:04:58.015,3.2464599609375
2025-05-29 21:04:58.045,2.7630615234375
2025-05-29 21:04:58.076,2.724609375
2025-05-29 21:04:58.106,2.4774169921875
2025-05-29 21:04:58.139,2.6312255859375
2025-05-29 21:04:58.169,3.58154296875
2025-05-29 21:04:58.196,3.570556640625
2025-05-29 21:04:58.228,4.3341064453125
2025-05-29 21:04:58.257,4.713134765625
2025-05-29 21:04:58.283,4.8065185546875
2025-05-29 21:04:58.311,4.273681640625
2025-05-29 21:04:58.338,4.273681640625
2025-05-29 21:04:58.365,4.15283203125
2025-05-29 21:04:58.395,4.097900390625
2025-05-29 21:04:58.425,4.2242431640625
2025-05-29 21:04:58.456,4.2462158203125
2025-05-29 21:04:58.487,4.295654296875
2025-05-29 21:04:58.516,4.559326171875
2025-05-29 21:04:58.545,4.6087646484375
2025-05-29 21:04:58.575,5.1031494140625
2025-05-29 21:04:58.606,5.745849609375
2025-05-29 21:04:58.637,5.9490966796875
2025-05-29 21:04:58.666,5.614013671875
2025-05-29 21:04:58.696,5.6964111328125
2025-05-29 21:04:58.726,5.5426025390625
2025-05-29 21:04:58.755,5.6085205078125
2025-05-29 21:04:58.784,5.6195068359375
2025-05-29 21:04:58.815,5.614013671875
2025-05-29 21:04:58.846,5.614013671875
2025-05-29 21:04:58.876,5.6414794921875
2025-05-29 21:04:58.911,5.33935546875
2025-05-29 21:04:58.942,5.44921875
2025-05-29 21:04:58.970,5.4986572265625
2025-05-29 21:04:59.000,5.570068359375
2025-05-29 21:04:59.030,5.6744384765625
2025-05-29 21:04:59.058,5.33935546875
2025-05-29 21:04:59.086,5.4217529296875
2025-05-29 21:04:59.115,5.5755615234375
2025-05-29 21:04:59.143,5.5426025390625
2025-05-29 21:04:59.171,5.899658203125
2025-05-29 21:04:59.200,6.4105224609375
2025-05-29 21:04:59.229,6.514892578125
2025-05-29 21:04:59.257,6.39404296875
2025-05-29 21:04:59.286,6.4105224609375
2025-05-29 21:04:59.313,6.5313720703125
2025-05-29 21:04:59.341,6.097412109375
2025-05-29 21:04:59.368,6.1907958984375
2025-05-29 21:04:59.395,6.207275390625
2025-05-29 21:04:59.422,6.185302734375
2025-05-29 21:04:59.450,6.5093994140625
2025-05-29 21:04:59.477,6.4874267578125
2025-05-29 21:04:59.508,6.427001953125
2025-05-29 21:04:59.539,6.83349609375
2025-05-29 21:04:59.577,6.800537109375
2025-05-29 21:04:59.605,6.7950439453125
2025-05-29 21:04:59.633,6.7950439453125
2025-05-29 21:04:59.659,6.9378662109375
2025-05-29 21:04:59.688,6.9488525390625
2025-05-29 21:04:59.716,6.9818115234375
2025-05-29 21:04:59.744,6.17431640625
2025-05-29 21:04:59.772,6.273193359375
2025-05-29 21:04:59.799,6.4105224609375
2025-05-29 21:04:59.826,6.5972900390625
2025-05-29 21:04:59.853,6.21826171875
2025-05-29 21:04:59.881,6.492919921875
2025-05-29 21:04:59.909,6.6961669921875
2025-05-29 21:04:59.940,6.7236328125
2025-05-29 21:04:59.969,6.7730712890625
2025-05-29 21:05:00.000,6.405029296875
2025-05-29 21:05:00.030,7.3333740234375
2025-05-29 21:05:00.060,8.580322265625
2025-05-29 21:05:00.090,9.8162841796875
2025-05-29 21:05:00.120,8.0419921875
2025-05-29 21:05:00.153,8.1024169921875
2025-05-29 21:05:00.181,4.7296142578125
2025-05-29 21:05:00.216,6.26220703125
2025-05-29 21:05:00.248,10.579833984375
2025-05-29 21:05:00.278,11.8212890625
2025-05-29 21:05:00.309,13.7493896484375
2025-05-29 21:05:00.340,17.1881103515625
2025-05-29 21:05:00.371,17.852783203125
2025-05-29 21:05:00.400,18.47900390625
2025-05-29 21:05:00.432,18.995361328125
2025-05-29 21:05:00.463,19.7149658203125
2025-05-29 21:05:00.493,18.5504150390625
2025-05-29 21:05:00.523,16.3421630859375
2025-05-29 21:05:00.556,14.30419921875
2025-05-29 21:05:00.588,14.3206787109375
2025-05-29 21:05:00.617,12.447509765625
2025-05-29 21:05:00.650,10.338134765625
2025-05-29 21:05:00.680,8.294677734375
2025-05-29 21:05:00.710,9.4921875
2025-05-29 21:05:00.741,8.19580078125
2025-05-29 21:05:00.770,8.23974609375
2025-05-29 21:05:00.801,8.63525390625
2025-05-29 21:05:00.830,8.4979248046875
2025-05-29 21:05:00.864,8.426513671875
2025-05-29 21:05:00.898,8.7451171875
2025-05-29 21:05:00.931,9.0362548828125
2025-05-29 21:05:00.969,9.1845703125
2025-05-29 21:05:01.002,9.151611328125
2025-05-29 21:05:01.033,10.162353515625
2025-05-29 21:05:01.065,10.4754638671875
2025-05-29 21:05:01.097,11.239013671875
2025-05-29 21:05:01.129,12.216796875
2025-05-29 21:05:01.160,11.57958984375
2025-05-29 21:05:01.190,11.2060546875
2025-05-29 21:05:01.222,10.48095703125
2025-05-29 21:05:01.255,7.855224609375
2025-05-29 21:05:01.287,7.1795654296875
2025-05-29 21:05:01.319,6.74560546875
2025-05-29 21:05:01.353,6.8609619140625
2025-05-29 21:05:01.384,5.07568359375
2025-05-29 21:05:01.415,5.1361083984375
2025-05-29 21:05:01.448,5.20751953125
2025-05-29 21:05:01.479,4.54833984375
2025-05-29 21:05:01.514,4.7625732421875
2025-05-29 21:05:01.547,4.910888671875
2025-05-29 21:05:01.580,5.07568359375
2025-05-29 21:05:01.612,5.811767578125
2025-05-29 21:05:01.644,5.8172607421875
2025-05-29 21:05:01.676,5.877685546875
2025-05-29 21:05:01.708,6.13037109375
2025-05-29 21:05:01.740,6.1688232421875
2025-05-29 21:05:01.771,6.163330078125
2025-05-29 21:05:01.802,6.185302734375
2025-05-29 21:05:01.832,6.0369873046875
2025-05-29 21:05:01.862,6.064453125
2025-05-29 21:05:01.894,6.009521484375
2025-05-29 21:05:01.926,5.99853515625
2025-05-29 21:05:01.956,6.1962890625
2025-05-29 21:05:01.988,6.427001953125
2025-05-29 21:05:02.019,6.4105224609375
2025-05-29 21:05:02.050,6.56982421875
2025-05-29 21:05:02.080,6.690673828125
2025-05-29 21:05:02.113,6.70166015625
2025-05-29 21:05:02.144,6.70166015625
2025-05-29 21:05:02.177,6.6412353515625
2025-05-29 21:05:02.210,6.6796875
2025-05-29 21:05:02.241,6.7291259765625
2025-05-29 21:05:02.272,6.9708251953125
2025-05-29 21:05:02.302,7.09716796875
2025-05-29 21:05:02.334,7.1466064453125
2025-05-29 21:05:02.365,7.2015380859375
2025-05-29 21:05:02.396,7.305908203125
2025-05-29 21:05:02.428,7.3883056640625
2025-05-29 21:05:02.461,7.4652099609375
2025-05-29 21:05:02.492,7.3992919921875
2025-05-29 21:05:02.525,7.4761962890625
2025-05-29 21:05:02.560,7.569580078125
2025-05-29 21:05:02.592,7.3992919921875
2025-05-29 21:05:02.624,7.459716796875
2025-05-29 21:05:02.658,7.4432373046875
2025-05-29 21:05:02.689,7.3553466796875
2025-05-29 21:05:02.719,7.2509765625
2025-05-29 21:05:02.751,7.1136474609375
2025-05-29 21:05:02.782,6.976318359375
2025-05-29 21:05:02.813,6.8719482421875
2025-05-29 21:05:02.845,6.767578125
2025-05-29 21:05:02.877,6.7071533203125
2025-05-29 21:05:02.911,6.70166015625
2025-05-29 21:05:02.943,6.52587890625
2025-05-29 21:05:02.973,6.602783203125
2025-05-29 21:05:03.004,6.6851806640625
2025-05-29 21:05:03.036,6.646728515625
2025-05-29 21:05:03.067,6.74560546875
2025-05-29 21:05:03.099,6.778564453125
2025-05-29 21:05:03.129,6.8060302734375
2025-05-29 21:05:03.161,6.591796875
2025-05-29 21:05:03.192,6.591796875
2025-05-29 21:05:03.224,6.5313720703125
2025-05-29 21:05:03.255,6.4324951171875
2025-05-29 21:05:03.286,6.4764404296875
2025-05-29 21:05:03.319,6.4324951171875
2025-05-29 21:05:03.350,6.7291259765625
2025-05-29 21:05:03.380,6.416015625
2025-05-29 21:05:03.411,5.921630859375
2025-05-29 21:05:03.443,5.6195068359375
2025-05-29 21:05:03.474,6.78955078125
2025-05-29 21:05:03.504,6.822509765625
2025-05-29 21:05:03.540,7.3883056640625
2025-05-29 21:05:03.573,10.7830810546875
2025-05-29 21:05:03.604,11.7059326171875
2025-05-29 21:05:03.636,12.67822265625
2025-05-29 21:05:03.669,13.743896484375
2025-05-29 21:05:03.700,14.776611328125
2025-05-29 21:05:03.730,15.6884765625
2025-05-29 21:05:03.763,16.4080810546875
2025-05-29 21:05:03.795,16.4739990234375
2025-05-29 21:05:03.826,16.4520263671875
2025-05-29 21:05:03.855,16.6552734375
2025-05-29 21:05:03.888,16.80908203125
2025-05-29 21:05:03.921,16.7706298828125
2025-05-29 21:05:03.952,16.8365478515625
2025-05-29 21:05:03.986,17.105712890625
2025-05-29 21:05:04.017,17.2100830078125
2025-05-29 21:05:04.048,18.4844970703125
2025-05-29 21:05:04.079,18.555908203125
2025-05-29 21:05:04.109,18.468017578125
2025-05-29 21:05:04.139,18.5833740234375
2025-05-29 21:05:04.170,17.75390625
2025-05-29 21:05:04.206,16.578369140625
2025-05-29 21:05:04.238,15.875244140625
2025-05-29 21:05:04.268,15.8258056640625
2025-05-29 21:05:04.299,15.3094482421875
2025-05-29 21:05:04.330,15.3863525390625
2025-05-29 21:05:04.360,15.53466796875
2025-05-29 21:05:04.391,15.6060791015625
2025-05-29 21:05:04.423,15.7598876953125
2025-05-29 21:05:04.454,15.9521484375
2025-05-29 21:05:04.484,15.6719970703125
2025-05-29 21:05:04.516,16.0125732421875
2025-05-29 21:05:04.548,16.76513671875
2025-05-29 21:05:04.585,17.6824951171875
2025-05-29 21:05:04.622,19.6710205078125
2025-05-29 21:05:04.655,20.91796875
2025-05-29 21:05:04.687,21.77490234375
2025-05-29 21:05:04.718,21.807861328125
2025-05-29 21:05:04.749,22.9559326171875
2025-05-29 21:05:04.781,24.8455810546875
2025-05-29 21:05:04.812,24.049072265625
2025-05-29 21:05:04.845,26.026611328125
2025-05-29 21:05:04.879,26.12548828125
2025-05-29 21:05:04.916,24.3017578125
2025-05-29 21:05:04.949,23.9666748046875
2025-05-29 21:05:04.980,22.3846435546875
2025-05-29 21:05:05.012,21.8353271484375
2025-05-29 21:05:05.044,21.3409423828125
2025-05-29 21:05:05.074,21.2310791015625
2025-05-29 21:05:05.107,21.2750244140625
2025-05-29 21:05:05.138,20.357666015625
2025-05-29 21:05:05.170,20.269775390625
2025-05-29 21:05:05.204,19.7479248046875
2025-05-29 21:05:05.235,18.929443359375
2025-05-29 21:05:05.264,17.86376953125
2025-05-29 21:05:05.293,17.2540283203125
2025-05-29 21:05:05.323,16.9683837890625
2025-05-29 21:05:05.352,16.6607666015625
2025-05-29 21:05:05.380,17.2265625
2025-05-29 21:05:05.411,17.1112060546875
2025-05-29 21:05:05.442,17.2869873046875
2025-05-29 21:05:05.473,15.677490234375
2025-05-29 21:05:05.505,16.083984375
2025-05-29 21:05:05.538,16.80908203125
2025-05-29 21:05:05.572,17.6934814453125
2025-05-29 21:05:05.605,16.8475341796875
2025-05-29 21:05:05.636,16.9189453125
2025-05-29 21:05:05.668,16.710205078125
2025-05-29 21:05:05.699,16.666259765625
2025-05-29 21:05:05.730,16.446533203125
2025-05-29 21:05:05.762,16.4959716796875
2025-05-29 21:05:05.794,16.4520263671875
2025-05-29 21:05:05.824,16.3201904296875
2025-05-29 21:05:05.854,16.2872314453125
2025-05-29 21:05:05.885,16.4739990234375
2025-05-29 21:05:05.918,16.182861328125
2025-05-29 21:05:05.949,16.2322998046875
2025-05-29 21:05:05.982,16.314697265625
2025-05-29 21:05:06.014,16.06201171875
2025-05-29 21:05:06.045,16.06201171875
2025-05-29 21:05:06.075,15.985107421875
2025-05-29 21:05:06.107,15.831298828125
2025-05-29 21:05:06.139,15.7489013671875
2025-05-29 21:05:06.171,15.523681640625
2025-05-29 21:05:06.213,15.2764892578125
2025-05-29 21:05:06.251,14.842529296875
2025-05-29 21:05:06.286,15.150146484375
2025-05-29 21:05:06.320,14.468994140625
2025-05-29 21:05:06.354,12.9364013671875
2025-05-29 21:05:06.384,12.8924560546875
2025-05-29 21:05:06.419,10.9368896484375
2025-05-29 21:05:06.451,9.613037109375
2025-05-29 21:05:06.482,9.041748046875
2025-05-29 21:05:06.513,8.9154052734375
2025-05-29 21:05:06.545,8.8055419921875
2025-05-29 21:05:06.576,9.1900634765625
2025-05-29 21:05:06.607,9.2120361328125
2025-05-29 21:05:06.640,9.964599609375
2025-05-29 21:05:06.672,10.250244140625
2025-05-29 21:05:06.704,10.9149169921875
2025-05-29 21:05:06.736,10.8599853515625
2025-05-29 21:05:06.768,10.7830810546875
2025-05-29 21:05:06.801,10.5908203125
2025-05-29 21:05:06.831,11.2060546875
2025-05-29 21:05:06.866,11.00830078125
2025-05-29 21:05:06.899,10.8819580078125
2025-05-29 21:05:06.932,10.810546875
2025-05-29 21:05:06.962,10.755615234375
2025-05-29 21:05:06.994,10.755615234375
2025-05-29 21:05:07.025,10.9259033203125
2025-05-29 21:05:07.056,10.65673828125
2025-05-29 21:05:07.088,10.96435546875
2025-05-29 21:05:07.119,11.2994384765625
2025-05-29 21:05:07.150,11.590576171875
2025-05-29 21:05:07.180,11.8597412109375
2025-05-29 21:05:07.212,12.0135498046875
2025-05-29 21:05:07.243,11.953125
2025-05-29 21:05:07.273,12.28271484375
2025-05-29 21:05:07.305,12.28271484375
2025-05-29 21:05:07.334,12.23876953125
2025-05-29 21:05:07.363,12.095947265625
2025-05-29 21:05:07.392,12.0904541015625
2025-05-29 21:05:07.422,11.97509765625
2025-05-29 21:05:07.453,11.8817138671875
2025-05-29 21:05:07.482,11.77734375
2025-05-29 21:05:07.517,11.7388916015625
2025-05-29 21:05:07.549,11.656494140625
2025-05-29 21:05:07.581,11.5576171875
2025-05-29 21:05:07.613,11.436767578125
2025-05-29 21:05:07.646,11.3983154296875
2025-05-29 21:05:07.677,11.3763427734375
2025-05-29 21:05:07.714,11.4971923828125
2025-05-29 21:05:07.749,11.4422607421875
2025-05-29 21:05:07.780,11.42578125
2025-05-29 21:05:07.810,11.3543701171875
2025-05-29 21:05:07.839,11.3653564453125
2025-05-29 21:05:07.870,11.3873291015625
2025-05-29 21:05:07.901,11.2225341796875
2025-05-29 21:05:07.931,11.1785888671875
2025-05-29 21:05:07.960,11.151123046875
2025-05-29 21:05:07.990,11.1126708984375
2025-05-29 21:05:08.020,11.1016845703125
2025-05-29 21:05:08.050,10.9698486328125
2025-05-29 21:05:08.078,11.0028076171875
2025-05-29 21:05:08.111,10.975341796875
2025-05-29 21:05:08.142,10.9808349609375
2025-05-29 21:05:08.173,11.041259765625
2025-05-29 21:05:08.207,11.129150390625
2025-05-29 21:05:08.239,11.1676025390625
2025-05-29 21:05:08.271,11.07421875
2025-05-29 21:05:08.303,11.085205078125
2025-05-29 21:05:08.337,11.041259765625
2025-05-29 21:05:08.368,10.8984375
2025-05-29 21:05:08.399,10.843505859375
2025-05-29 21:05:08.432,10.8709716796875
2025-05-29 21:05:08.464,10.810546875
2025-05-29 21:05:08.496,10.821533203125
2025-05-29 21:05:08.527,10.755615234375
2025-05-29 21:05:08.557,10.7501220703125
2025-05-29 21:05:08.590,10.7391357421875
2025-05-29 21:05:08.622,10.7501220703125
2025-05-29 21:05:08.657,10.7171630859375
2025-05-29 21:05:08.690,10.689697265625
2025-05-29 21:05:08.721,10.7720947265625
2025-05-29 21:05:08.753,10.711669921875
2025-05-29 21:05:08.786,10.6787109375
2025-05-29 21:05:08.819,10.667724609375
2025-05-29 21:05:08.851,10.634765625
2025-05-29 21:05:08.883,10.6072998046875
2025-05-29 21:05:08.917,10.5743408203125
2025-05-29 21:05:08.949,10.5413818359375
2025-05-29 21:05:08.980,10.5194091796875
2025-05-29 21:05:09.012,10.491943359375
2025-05-29 21:05:09.044,10.4150390625
2025-05-29 21:05:09.073,10.4205322265625
2025-05-29 21:05:09.108,10.4095458984375
2025-05-29 21:05:09.142,10.426025390625
2025-05-29 21:05:09.173,10.2996826171875
2025-05-29 21:05:09.206,10.294189453125
2025-05-29 21:05:09.243,10.2008056640625
2025-05-29 21:05:09.274,10.1898193359375
2025-05-29 21:05:09.305,10.1678466796875
2025-05-29 21:05:09.337,10.1458740234375
2025-05-29 21:05:09.369,10.096435546875
2025-05-29 21:05:09.401,10.052490234375
2025-05-29 21:05:09.432,10.0469970703125
2025-05-29 21:05:09.465,10.030517578125
2025-05-29 21:05:09.495,9.931640625
2025-05-29 21:05:09.526,9.9371337890625
2025-05-29 21:05:09.561,9.942626953125
2025-05-29 21:05:09.594,9.9151611328125
2025-05-29 21:05:09.626,9.86572265625
2025-05-29 21:05:09.656,9.8602294921875
2025-05-29 21:05:09.689,9.8492431640625
2025-05-29 21:05:09.721,9.722900390625
2025-05-29 21:05:09.752,9.7283935546875
2025-05-29 21:05:09.784,9.7613525390625
2025-05-29 21:05:09.816,9.77783203125
2025-05-29 21:05:09.848,9.4207763671875
2025-05-29 21:05:09.880,9.415283203125
2025-05-29 21:05:09.913,9.4207763671875
2025-05-29 21:05:09.945,9.085693359375
2025-05-29 21:05:09.975,9.07470703125
2025-05-29 21:05:10.010,9.0802001953125
2025-05-29 21:05:10.042,9.07470703125
2025-05-29 21:05:10.073,8.9593505859375
2025-05-29 21:05:10.104,8.96484375
2025-05-29 21:05:10.137,8.94287109375
2025-05-29 21:05:10.170,8.8330078125
2025-05-29 21:05:10.200,8.8604736328125
2025-05-29 21:05:10.233,8.876953125
2025-05-29 21:05:10.266,8.909912109375
2025-05-29 21:05:10.297,8.7890625
2025-05-29 21:05:10.328,8.7615966796875
2025-05-29 21:05:10.360,8.6297607421875
2025-05-29 21:05:10.392,8.514404296875
2025-05-29 21:05:10.423,8.4320068359375
2025-05-29 21:05:10.458,8.4539794921875
2025-05-29 21:05:10.491,8.4320068359375
2025-05-29 21:05:10.522,8.3990478515625
2025-05-29 21:05:10.554,8.3660888671875
2025-05-29 21:05:10.588,8.3441162109375
2025-05-29 21:05:10.620,8.404541015625
2025-05-29 21:05:10.652,8.404541015625
2025-05-29 21:05:10.685,8.382568359375
2025-05-29 21:05:10.718,8.3770751953125
2025-05-29 21:05:10.750,8.3551025390625
2025-05-29 21:05:10.782,8.37158203125
2025-05-29 21:05:10.814,8.426513671875
2025-05-29 21:05:10.846,8.4100341796875
2025-05-29 21:05:10.877,8.404541015625
2025-05-29 21:05:10.916,8.3880615234375
2025-05-29 21:05:10.953,8.492431640625
2025-05-29 21:05:10.985,8.50341796875
2025-05-29 21:05:11.016,8.4979248046875
2025-05-29 21:05:11.049,8.4814453125
2025-05-29 21:05:11.080,8.525390625
2025-05-29 21:05:11.111,8.514404296875
2025-05-29 21:05:11.144,8.5198974609375
2025-05-29 21:05:11.175,8.4979248046875
2025-05-29 21:05:11.206,8.4869384765625
2025-05-29 21:05:11.239,8.492431640625
2025-05-29 21:05:11.272,8.4759521484375
2025-05-29 21:05:11.304,8.470458984375
2025-05-29 21:05:11.336,8.4759521484375
2025-05-29 21:05:11.371,8.4649658203125
2025-05-29 21:05:11.404,8.4649658203125
2025-05-29 21:05:11.436,8.4429931640625
2025-05-29 21:05:11.468,8.404541015625
2025-05-29 21:05:11.500,8.3935546875
2025-05-29 21:05:11.532,8.404541015625
2025-05-29 21:05:11.563,8.426513671875
2025-05-29 21:05:11.596,8.4375
2025-05-29 21:05:11.629,8.4429931640625
2025-05-29 21:05:11.660,8.4429931640625
2025-05-29 21:05:11.692,8.4539794921875
2025-05-29 21:05:11.724,8.4649658203125
2025-05-29 21:05:11.756,8.45947265625
2025-05-29 21:05:11.787,8.4539794921875
2025-05-29 21:05:11.821,8.4375
2025-05-29 21:05:11.856,8.4375
2025-05-29 21:05:11.888,8.404541015625
2025-05-29 21:05:11.920,8.3056640625
2025-05-29 21:05:11.952,8.316650390625
2025-05-29 21:05:11.984,8.2452392578125
2025-05-29 21:05:12.014,8.2177734375
2025-05-29 21:05:12.048,8.2012939453125
2025-05-29 21:05:12.079,8.206787109375
2025-05-29 21:05:12.110,8.2122802734375
2025-05-29 21:05:12.141,8.2122802734375
2025-05-29 21:05:12.174,8.19580078125
2025-05-29 21:05:12.204,8.1903076171875
2025-05-29 21:05:12.235,8.184814453125
2025-05-29 21:05:12.272,8.1903076171875
2025-05-29 21:05:12.304,8.1903076171875
2025-05-29 21:05:12.334,8.1903076171875
2025-05-29 21:05:12.366,8.2012939453125
2025-05-29 21:05:12.398,8.1903076171875
2025-05-29 21:05:12.430,8.2122802734375
2025-05-29 21:05:12.460,8.206787109375
2025-05-29 21:05:12.494,8.19580078125
2025-05-29 21:05:12.528,8.1903076171875
2025-05-29 21:05:12.562,8.1683349609375
2025-05-29 21:05:12.594,8.140869140625
2025-05-29 21:05:12.626,8.1463623046875
2025-05-29 21:05:12.658,8.1353759765625
2025-05-29 21:05:12.689,8.1243896484375
2025-05-29 21:05:12.725,8.1243896484375
2025-05-29 21:05:12.762,8.1134033203125
2025-05-29 21:05:12.795,8.10791015625
2025-05-29 21:05:12.827,8.10791015625
2025-05-29 21:05:12.861,8.0859375
2025-05-29 21:05:12.894,8.0859375
2025-05-29 21:05:12.926,8.0804443359375
2025-05-29 21:05:12.960,8.0859375
2025-05-29 21:05:12.991,8.0914306640625
2025-05-29 21:05:13.022,8.0914306640625
2025-05-29 21:05:13.053,8.1243896484375
2025-05-29 21:05:13.087,8.1463623046875
2025-05-29 21:05:13.122,8.1683349609375
2025-05-29 21:05:13.155,8.140869140625
2025-05-29 21:05:13.197,8.1463623046875
2025-05-29 21:05:13.232,8.1243896484375
2025-05-29 21:05:13.264,8.1298828125
2025-05-29 21:05:13.296,8.1573486328125
2025-05-29 21:05:13.329,8.2232666015625
2025-05-29 21:05:13.360,8.228759765625
2025-05-29 21:05:13.391,8.2177734375
2025-05-29 21:05:13.423,8.2122802734375
2025-05-29 21:05:13.455,8.2177734375
2025-05-29 21:05:13.487,8.2012939453125
2025-05-29 21:05:13.517,8.2177734375
2025-05-29 21:05:13.549,8.2122802734375
2025-05-29 21:05:13.582,8.228759765625
2025-05-29 21:05:13.614,8.2232666015625
2025-05-29 21:05:13.647,8.2342529296875
2025-05-29 21:05:13.680,8.2452392578125
2025-05-29 21:05:13.713,8.2452392578125
2025-05-29 21:05:13.745,8.2781982421875
2025-05-29 21:05:13.777,8.3111572265625
2025-05-29 21:05:13.810,8.32763671875
2025-05-29 21:05:13.840,8.32763671875
2025-05-29 21:05:13.873,8.3331298828125
2025-05-29 21:05:13.908,8.3056640625
2025-05-29 21:05:13.940,8.3221435546875
2025-05-29 21:05:13.973,8.3001708984375
2025-05-29 21:05:14.006,8.3111572265625
2025-05-29 21:05:14.038,8.3056640625
2025-05-29 21:05:14.069,8.316650390625
2025-05-29 21:05:14.106,8.32763671875
2025-05-29 21:05:14.139,8.3441162109375
2025-05-29 21:05:14.172,8.3331298828125
2025-05-29 21:05:14.204,8.3331298828125
2025-05-29 21:05:14.237,8.3441162109375
2025-05-29 21:05:14.270,8.3331298828125
2025-05-29 21:05:14.301,8.3221435546875
2025-05-29 21:05:14.334,8.3111572265625
2025-05-29 21:05:14.365,8.32763671875
2025-05-29 21:05:14.397,8.3331298828125
2025-05-29 21:05:14.429,8.3441162109375
2025-05-29 21:05:14.461,8.3441162109375
2025-05-29 21:05:14.494,8.349609375
2025-05-29 21:05:14.524,8.37158203125
2025-05-29 21:05:14.559,8.3770751953125
2025-05-29 21:05:14.595,8.382568359375
2025-05-29 21:05:14.627,8.382568359375
2025-05-29 21:05:14.659,8.3990478515625
2025-05-29 21:05:14.692,8.404541015625
2025-05-29 21:05:14.724,8.4539794921875
2025-05-29 21:05:14.755,8.492431640625
2025-05-29 21:05:14.788,8.50341796875
2025-05-29 21:05:14.821,8.514404296875
2025-05-29 21:05:14.853,8.5089111328125
2025-05-29 21:05:14.884,8.5089111328125
2025-05-29 21:05:14.918,8.492431640625
2025-05-29 21:05:14.951,8.492431640625
2025-05-29 21:05:14.981,8.4869384765625
2025-05-29 21:05:15.017,8.492431640625
2025-05-29 21:05:15.052,8.492431640625
2025-05-29 21:05:15.084,8.4979248046875
2025-05-29 21:05:15.116,8.514404296875
2025-05-29 21:05:15.150,8.5198974609375
2025-05-29 21:05:15.182,8.536376953125
2025-05-29 21:05:15.213,8.5308837890625
2025-05-29 21:05:15.247,8.5418701171875
2025-05-29 21:05:15.280,8.514404296875
2025-05-29 21:05:15.312,8.5308837890625
2025-05-29 21:05:15.344,8.50341796875
2025-05-29 21:05:15.376,8.4814453125
2025-05-29 21:05:15.409,8.470458984375
2025-05-29 21:05:15.439,8.4814453125
2025-05-29 21:05:15.474,8.470458984375
2025-05-29 21:05:15.509,8.4759521484375
2025-05-29 21:05:15.541,8.45947265625
2025-05-29 21:05:15.574,8.45947265625
2025-05-29 21:05:15.609,8.448486328125
2025-05-29 21:05:15.641,8.448486328125
2025-05-29 21:05:15.672,8.4210205078125
2025-05-29 21:05:15.705,8.4100341796875
2025-05-29 21:05:15.738,8.41552734375
2025-05-29 21:05:15.769,8.4100341796875
2025-05-29 21:05:15.801,8.404541015625
2025-05-29 21:05:15.833,8.382568359375
2025-05-29 21:05:15.865,8.37158203125
2025-05-29 21:05:15.896,8.360595703125
2025-05-29 21:05:15.933,8.360595703125
2025-05-29 21:05:15.968,8.3551025390625
2025-05-29 21:05:16.001,8.3441162109375
2025-05-29 21:05:16.033,8.338623046875
2025-05-29 21:05:16.065,8.349609375
2025-05-29 21:05:16.096,8.3441162109375
2025-05-29 21:05:16.127,8.3441162109375
2025-05-29 21:05:16.161,8.360595703125
2025-05-29 21:05:16.195,8.3660888671875
2025-05-29 21:05:16.228,8.3660888671875
2025-05-29 21:05:16.260,8.349609375
2025-05-29 21:05:16.292,8.360595703125
2025-05-29 21:05:16.324,8.3331298828125
2025-05-29 21:05:16.355,8.3331298828125
2025-05-29 21:05:16.390,8.32763671875
2025-05-29 21:05:16.425,8.3331298828125
2025-05-29 21:05:16.457,8.3441162109375
2025-05-29 21:05:16.488,8.338623046875
2025-05-29 21:05:16.522,8.3111572265625
2025-05-29 21:05:16.554,8.2891845703125
2025-05-29 21:05:16.586,8.2672119140625
2025-05-29 21:05:16.619,8.2562255859375
2025-05-29 21:05:16.652,8.23974609375
