timestamp,lean_angle
2025-05-29 22:14:11.583,11.395389722741164
2025-05-29 22:14:11.779,10.236332105553664
2025-05-29 22:14:11.915,12.581913160241164
2025-05-29 22:14:12.047,15.114261793053664
2025-05-29 22:14:12.145,17.069828199303664
2025-05-29 22:14:12.273,19.992191480553664
2025-05-29 22:14:12.405,22.431156324303664
2025-05-29 22:14:12.469,24.452640699303664
2025-05-29 22:14:12.643,28.171512769616164
2025-05-29 22:14:12.739,31.291629957116164
2025-05-29 22:14:12.869,33.082401441491164
2025-05-29 22:14:12.933,34.032718824303664
2025-05-29 22:14:13.066,33.972294019616164
2025-05-29 22:14:13.195,34.889652418053664
2025-05-29 22:14:13.329,34.779789136803664
2025-05-29 22:14:13.393,34.576542066491164
2025-05-29 22:14:13.523,34.104129957116164
2025-05-29 22:14:13.639,33.549320386803664
2025-05-29 22:14:13.758,33.137333082116164
2025-05-29 22:14:13.843,33.027469800866164
2025-05-29 22:14:13.965,33.087894605553664
2025-05-29 22:14:14.023,33.104374097741164
2025-05-29 22:14:14.169,33.186771558678664
2025-05-29 22:14:14.258,33.203251050866164
2025-05-29 22:14:14.374,33.104374097741164
2025-05-29 22:14:14.432,33.027469800866164
2025-05-29 22:14:14.548,32.923099683678664
2025-05-29 22:14:14.668,32.796756910241164
2025-05-29 22:14:14.783,32.890140699303664
2025-05-29 22:14:14.869,32.879154371178664
2025-05-29 22:14:14.957,32.818729566491164
2025-05-29 22:14:15.074,32.829715894616164
2025-05-29 22:14:15.162,32.741825269616164
2025-05-29 22:14:15.277,32.653934644616164
2025-05-29 22:14:15.397,32.560550855553664
2025-05-29 22:14:15.454,32.527591871178664
2025-05-29 22:14:15.574,32.313358472741164
2025-05-29 22:14:15.690,32.274906324303664
2025-05-29 22:14:15.816,32.022220777428664
2025-05-29 22:14:15.873,32.060672925866164
2025-05-29 22:14:15.988,31.884891675866164
2025-05-29 22:14:16.109,31.478397535241164
2025-05-29 22:14:16.226,31.330082105553664
2025-05-29 22:14:16.314,31.225711988366164
2025-05-29 22:14:16.401,31.187259839928664
2025-05-29 22:14:16.491,31.324588941491164
2025-05-29 22:14:16.643,31.269657300866164
2025-05-29 22:14:16.736,31.396000074303664
2025-05-29 22:14:16.858,31.813480543053664
2025-05-29 22:14:16.919,31.923343824303664
2025-05-29 22:14:17.040,32.132084058678664
2025-05-29 22:14:17.162,32.077152418053664
2025-05-29 22:14:17.282,31.873905347741164
2025-05-29 22:14:17.343,31.802494214928664
2025-05-29 22:14:17.465,31.577274488366164
2025-05-29 22:14:17.587,31.406986402428664
2025-05-29 22:14:17.713,31.286136793053664
2025-05-29 22:14:17.805,31.165287183678664
2025-05-29 22:14:17.893,31.291629957116164
2025-05-29 22:14:18.018,31.159794019616164
2025-05-29 22:14:18.140,31.214725660241164
2025-05-29 22:14:18.232,31.165287183678664
2025-05-29 22:14:18.353,31.022464918053664
2025-05-29 22:14:18.413,31.005985425866164
2025-05-29 22:14:18.534,30.929081128991164
2025-05-29 22:14:18.661,30.819217847741164
2025-05-29 22:14:18.753,30.676395582116164
2025-05-29 22:14:18.873,30.593998121178664
2025-05-29 22:14:18.964,30.390751050866164
2025-05-29 22:14:19.085,30.160038160241164
2025-05-29 22:14:19.203,30.028202222741164
2025-05-29 22:14:19.302,30.116092847741164
2025-05-29 22:14:19.393,30.209476636803664
2025-05-29 22:14:19.515,30.220462964928664
2025-05-29 22:14:19.636,30.171024488366164
2025-05-29 22:14:19.727,30.176517652428664
2025-05-29 22:14:19.848,30.061161207116164
2025-05-29 22:14:19.910,30.050174878991164
2025-05-29 22:14:20.035,30.017215894616164
2025-05-29 22:14:20.157,30.017215894616164
2025-05-29 22:14:20.278,29.989750074303664
2025-05-29 22:14:20.337,29.989750074303664
2025-05-29 22:14:20.460,29.852420972741164
2025-05-29 22:14:20.584,29.665653394616164
2025-05-29 22:14:20.711,29.654667066491164
2025-05-29 22:14:20.805,29.566776441491164
2025-05-29 22:14:20.926,29.588749097741164
2025-05-29 22:14:21.017,29.572269605553664
2025-05-29 22:14:21.138,29.495365308678664
2025-05-29 22:14:21.200,29.308597730553664
2025-05-29 22:14:21.366,29.149295972741164
2025-05-29 22:14:21.427,29.044925855553664
2025-05-29 22:14:21.549,28.984501050866164
2025-05-29 22:14:21.671,28.825199293053664
2025-05-29 22:14:21.790,28.649418043053664
2025-05-29 22:14:21.850,28.671390699303664
2025-05-29 22:14:21.975,28.490116285241164
2025-05-29 22:14:22.095,28.523075269616164
2025-05-29 22:14:22.217,28.594486402428664
2025-05-29 22:14:22.307,28.534061597741164
2025-05-29 22:14:22.427,28.374759839928664
2025-05-29 22:14:22.517,28.220951246178664
2025-05-29 22:14:22.621,27.808963941491164
2025-05-29 22:14:22.747,27.627689527428664
2025-05-29 22:14:22.872,27.320072339928664
2025-05-29 22:14:22.934,27.072879957116164
2025-05-29 22:14:23.059,26.984989332116164
2025-05-29 22:14:23.154,26.902591871178664
2025-05-29 22:14:23.313,26.853153394616164
2025-05-29 22:14:23.374,26.831180738366164
2025-05-29 22:14:23.501,26.864139722741164
2025-05-29 22:14:23.628,26.995975660241164
2025-05-29 22:14:23.754,27.045414136803664
2025-05-29 22:14:23.846,27.056400464928664
2025-05-29 22:14:23.977,26.798221753991164
2025-05-29 22:14:24.040,26.737796949303664
2025-05-29 22:14:24.165,26.627933668053664
2025-05-29 22:14:24.260,26.523563550866164
2025-05-29 22:14:24.388,26.199466871178664
2025-05-29 22:14:24.481,26.084110425866164
2025-05-29 22:14:24.605,25.705082105553664
2025-05-29 22:14:24.731,25.391971753991164
2025-05-29 22:14:24.860,25.155765699303664
2025-05-29 22:14:24.922,25.067875074303664
2025-05-29 22:14:25.052,24.886600660241164
2025-05-29 22:14:25.199,24.853641675866164
2025-05-29 22:14:25.338,25.144779371178664
2025-05-29 22:14:25.436,25.727054761803664
2025-05-29 22:14:25.567,25.858890699303664
2025-05-29 22:14:25.662,25.935794996178664
2025-05-29 22:14:25.789,25.836918043053664
2025-05-29 22:14:25.851,25.831424878991164
2025-05-29 22:14:26.010,25.677616285241164
2025-05-29 22:14:26.072,25.749027418053664
2025-05-29 22:14:26.197,25.771000074303664
2025-05-29 22:14:26.322,25.825931714928664
2025-05-29 22:14:26.455,25.946781324303664
2025-05-29 22:14:26.517,25.990726636803664
2025-05-29 22:14:26.646,26.001712964928664
2025-05-29 22:14:26.771,26.073124097741164
2025-05-29 22:14:26.893,26.062137769616164
2025-05-29 22:14:26.988,25.990726636803664
2025-05-29 22:14:27.086,26.084110425866164
2025-05-29 22:14:27.180,26.029178785241164
2025-05-29 22:14:27.338,26.023685621178664
2025-05-29 22:14:27.431,26.018192457116164
2025-05-29 22:14:27.559,26.073124097741164
2025-05-29 22:14:27.622,25.968753980553664
2025-05-29 22:14:27.763,25.842411207116164
2025-05-29 22:14:27.892,25.869877027428664
2025-05-29 22:14:28.020,25.875370191491164
2025-05-29 22:14:28.083,25.952274488366164
2025-05-29 22:14:28.210,26.001712964928664
2025-05-29 22:14:28.305,26.045658277428664
2025-05-29 22:14:28.436,26.073124097741164
2025-05-29 22:14:28.560,26.078617261803664
2025-05-29 22:14:28.687,25.990726636803664
2025-05-29 22:14:28.749,25.996219800866164
2025-05-29 22:14:28.908,26.007206128991164
2025-05-29 22:14:29.005,26.193973707116164
2025-05-29 22:14:29.135,26.375248121178664
2025-05-29 22:14:29.199,26.424686597741164
2025-05-29 22:14:29.337,26.468631910241164
2025-05-29 22:14:29.467,26.605961011803664
2025-05-29 22:14:29.597,26.737796949303664
2025-05-29 22:14:29.661,26.831180738366164
2025-05-29 22:14:29.793,26.919071363366164
2025-05-29 22:14:29.924,26.974003003991164
2025-05-29 22:14:30.055,27.144291089928664
2025-05-29 22:14:30.153,27.281620191491164
2025-05-29 22:14:30.286,27.506839918053664
2025-05-29 22:14:30.351,27.710086988366164
2025-05-29 22:14:30.483,27.847416089928664
2025-05-29 22:14:30.617,28.061649488366164
2025-05-29 22:14:30.751,28.363773511803664
2025-05-29 22:14:30.816,28.578006910241164
2025-05-29 22:14:30.948,28.989994214928664
2025-05-29 22:14:31.077,29.451419996178664
2025-05-29 22:14:31.211,29.896366285241164
2025-05-29 22:14:31.310,30.742313550866164
2025-05-29 22:14:31.440,31.923343824303664
2025-05-29 22:14:31.536,33.379032300866164
2025-05-29 22:14:31.673,35.147831128991164
2025-05-29 22:14:31.771,36.449711011803664
2025-05-29 22:14:31.903,38.542606519616164
2025-05-29 22:14:31.972,40.190555738366164
2025-05-29 22:14:32.124,42.030765699303664
2025-05-29 22:14:32.254,42.250492261803664
2025-05-29 22:14:32.386,41.074955152428664
2025-05-29 22:14:32.450,42.920658277428664
2025-05-29 22:14:32.595,46.502201246178664
2025-05-29 22:14:32.727,47.529422925866164
2025-05-29 22:14:32.861,47.765628980553664
2025-05-29 22:14:32.963,48.820316480553664
2025-05-29 22:14:33.068,49.534427808678664
2025-05-29 22:14:33.201,49.759647535241164
2025-05-29 22:14:33.331,50.204593824303664
2025-05-29 22:14:33.431,50.078251050866164
2025-05-29 22:14:33.564,50.050785230553664
2025-05-29 22:14:33.628,49.792606519616164
2025-05-29 22:14:33.760,49.726688550866164
2025-05-29 22:14:33.892,49.501468824303664
2025-05-29 22:14:34.116,49.248783277428664
2025-05-29 22:14:34.204,48.902713941491164
2025-05-29 22:14:34.354,48.600589918053664
2025-05-29 22:14:34.500,48.177616285241164
2025-05-29 22:14:34.632,47.880985425866164
2025-05-29 22:14:34.729,47.968876050866164
2025-05-29 22:14:34.833,48.183109449303664
2025-05-29 22:14:34.963,48.260013746178664
2025-05-29 22:14:35.095,48.336918043053664
2025-05-29 22:14:35.192,48.402836011803664
2025-05-29 22:14:35.327,48.386356519616164
2025-05-29 22:14:35.394,48.386356519616164
2025-05-29 22:14:35.527,48.369877027428664
2025-05-29 22:14:35.657,48.463260816491164
2025-05-29 22:14:35.793,48.468753980553664
2025-05-29 22:14:35.861,48.485233472741164
2025-05-29 22:14:36.003,48.606083082116164
2025-05-29 22:14:36.137,48.781864332116164
2025-05-29 22:14:36.250,48.880741285241164
2025-05-29 22:14:36.400,48.952152418053664
2025-05-29 22:14:36.502,48.974125074303664
2025-05-29 22:14:36.636,48.858768628991164
2025-05-29 22:14:36.775,48.825809644616164
2025-05-29 22:14:36.873,48.869754957116164
2025-05-29 22:14:37.006,48.897220777428664
2025-05-29 22:14:37.072,48.864261793053664
2025-05-29 22:14:37.212,48.902713941491164
2025-05-29 22:14:37.344,48.842289136803664
2025-05-29 22:14:37.478,48.836795972741164
2025-05-29 22:14:37.547,48.858768628991164
2025-05-29 22:14:37.687,49.083988355553664
2025-05-29 22:14:37.820,49.457523511803664
2025-05-29 22:14:37.956,49.754154371178664
2025-05-29 22:14:38.057,49.880497144616164
2025-05-29 22:14:38.195,49.929935621178664
2025-05-29 22:14:38.296,49.907962964928664
2025-05-29 22:14:38.432,49.907962964928664
2025-05-29 22:14:38.532,49.951908277428664
2025-05-29 22:14:38.672,50.144169019616164
2025-05-29 22:14:38.770,50.325443433678664
2025-05-29 22:14:38.871,50.358402418053664
2025-05-29 22:14:39.009,50.347416089928664
2025-05-29 22:14:39.152,50.193607496178664
2025-05-29 22:14:39.220,50.199100660241164
2025-05-29 22:14:39.358,50.056278394616164
2025-05-29 22:14:39.458,50.111210035241164
2025-05-29 22:14:39.629,50.341922925866164
2025-05-29 22:14:39.696,50.572635816491164
2025-05-29 22:14:39.862,50.655033277428664
2025-05-29 22:14:39.962,51.231815503991164
2025-05-29 22:14:40.126,50.781376050866164
2025-05-29 22:14:40.228,51.649295972741164
2025-05-29 22:14:40.364,51.341678785241164
2025-05-29 22:14:40.429,52.610599683678664
2025-05-29 22:14:40.573,52.901737378991164
2025-05-29 22:14:40.708,53.341190503991164
2025-05-29 22:14:40.845,54.110233472741164
2025-05-29 22:14:40.911,54.884769605553664
2025-05-29 22:14:41.052,54.939701246178664
2025-05-29 22:14:41.155,55.082523511803664
2025-05-29 22:14:41.327,55.527469800866164
2025-05-29 22:14:41.427,55.681278394616164
2025-05-29 22:14:41.567,55.873539136803664
2025-05-29 22:14:41.633,55.774662183678664
2025-05-29 22:14:41.802,55.933963941491164
2025-05-29 22:14:41.903,55.692264722741164
2025-05-29 22:14:42.043,55.527469800866164
2025-05-29 22:14:42.110,55.351688550866164
2025-05-29 22:14:42.245,55.197879957116164
2025-05-29 22:14:42.381,54.994632886803664
2025-05-29 22:14:42.520,54.934208082116164
2025-05-29 22:14:42.593,54.840824293053664
2025-05-29 22:14:42.727,54.621097730553664
2025-05-29 22:14:42.860,54.659549878991164
2025-05-29 22:14:42.996,54.719974683678664
2025-05-29 22:14:43.060,54.533207105553664
2025-05-29 22:14:43.225,54.791385816491164
2025-05-29 22:14:43.324,54.648563550866164
2025-05-29 22:14:43.463,54.692508863366164
2025-05-29 22:14:43.527,54.577152418053664
2025-05-29 22:14:43.694,54.659549878991164
2025-05-29 22:14:43.760,54.698002027428664
2025-05-29 22:14:43.895,54.708988355553664
2025-05-29 22:14:44.025,54.791385816491164
2025-05-29 22:14:44.157,54.884769605553664
2025-05-29 22:14:44.221,54.945194410241164
2025-05-29 22:14:44.361,55.109989332116164
2025-05-29 22:14:44.494,55.088016675866164
2025-05-29 22:14:44.627,55.153934644616164
2025-05-29 22:14:44.693,54.807865308678664
2025-05-29 22:14:44.862,54.758426832116164
2025-05-29 22:14:44.927,54.632084058678664
2025-05-29 22:14:45.061,54.582645582116164
2025-05-29 22:14:45.159,54.670536207116164
2025-05-29 22:14:45.297,54.676029371178664
2025-05-29 22:14:45.395,54.588138746178664
2025-05-29 22:14:45.526,54.637577222741164
2025-05-29 22:14:45.666,54.527713941491164
2025-05-29 22:14:45.799,54.423343824303664
2025-05-29 22:14:45.862,54.049808668053664
2025-05-29 22:14:45.997,53.967411207116164
2025-05-29 22:14:46.130,53.983890699303664
2025-05-29 22:14:46.265,54.137699293053664
2025-05-29 22:14:46.329,54.225589918053664
2025-05-29 22:14:46.496,54.340946363366164
2025-05-29 22:14:46.559,54.318973707116164
2025-05-29 22:14:46.729,54.373905347741164
2025-05-29 22:14:46.826,54.368412183678664
2025-05-29 22:14:46.957,54.148685621178664
2025-05-29 22:14:47.021,54.066288160241164
2025-05-29 22:14:47.157,53.874027418053664
2025-05-29 22:14:47.254,53.852054761803664
2025-05-29 22:14:47.421,53.714725660241164
2025-05-29 22:14:47.486,53.698246168053664
2025-05-29 22:14:47.628,53.626835035241164
2025-05-29 22:14:47.760,53.538944410241164
2025-05-29 22:14:47.892,53.346683668053664
2025-05-29 22:14:47.997,53.335697339928664
2025-05-29 22:14:48.131,53.330204175866164
2025-05-29 22:14:48.194,53.467533277428664
2025-05-29 22:14:48.325,53.654300855553664
2025-05-29 22:14:48.460,53.687259839928664
2025-05-29 22:14:48.594,53.687259839928664
2025-05-29 22:14:48.660,53.709232496178664
2025-05-29 22:14:48.795,53.709232496178664
2025-05-29 22:14:48.889,53.813602613366164
2025-05-29 22:14:49.061,53.879520582116164
2025-05-29 22:14:49.159,53.852054761803664
2025-05-29 22:14:49.271,53.846561597741164
2025-05-29 22:14:49.411,53.868534253991164
2025-05-29 22:14:49.547,53.868534253991164
2025-05-29 22:14:49.648,53.994877027428664
2025-05-29 22:14:49.783,54.027836011803664
2025-05-29 22:14:49.847,54.461795972741164
2025-05-29 22:14:49.987,54.571659253991164
2025-05-29 22:14:50.085,54.769413160241164
2025-05-29 22:14:50.256,54.544193433678664
2025-05-29 22:14:50.321,54.560672925866164
2025-05-29 22:14:50.463,54.555179761803664
2025-05-29 22:14:50.597,54.571659253991164
2025-05-29 22:14:50.732,54.302494214928664
2025-05-29 22:14:50.834,54.005863355553664
2025-05-29 22:14:50.979,53.401615308678664
2025-05-29 22:14:51.050,52.984134839928664
2025-05-29 22:14:51.234,52.484256910241164
2025-05-29 22:14:51.342,51.506473707116164
2025-05-29 22:14:51.443,50.023319410241164
2025-05-29 22:14:51.544,47.968876050866164
2025-05-29 22:14:51.682,47.606327222741164
2025-05-29 22:14:51.820,46.699955152428664
2025-05-29 22:14:51.955,46.123172925866164
2025-05-29 22:14:52.022,46.090213941491164
2025-05-29 22:14:52.156,45.551883863366164
2025-05-29 22:14:52.294,45.496952222741164
2025-05-29 22:14:52.428,44.074222730553664
2025-05-29 22:14:52.529,43.156864332116164
2025-05-29 22:14:52.636,39.921390699303664
2025-05-29 22:14:52.775,37.696659253991164
2025-05-29 22:14:52.908,38.218509839928664
2025-05-29 22:14:52.976,38.905155347741164
2025-05-29 22:14:53.110,39.542362378991164
2025-05-29 22:14:53.215,37.828495191491164
2025-05-29 22:14:53.350,35.356571363366164
2025-05-29 22:14:53.484,31.857425855553664
2025-05-29 22:14:53.619,25.606205152428664
2025-05-29 22:14:53.690,24.430668043053664
2025-05-29 22:14:53.840,24.018680738366164
2025-05-29 22:14:53.975,22.903568433678664
2025-05-29 22:14:54.107,16.152469800866164
2025-05-29 22:14:54.181,11.554691480553664
2025-05-29 22:14:54.314,11.615116285241164
2025-05-29 22:14:55.026,-11.016719652258836
2025-05-29 22:14:55.164,-12.488887621008836
2025-05-29 22:14:55.263,-13.038204027258836
2025-05-29 22:14:55.362,-13.202998949133836
2025-05-29 22:14:55.496,-14.493892503821336
2025-05-29 22:14:55.637,-15.614497972571336
2025-05-29 22:14:55.770,-15.394771410071336
2025-05-29 22:14:55.871,-14.537837816321336
2025-05-29 22:14:56.002,-13.906123949133836
2025-05-29 22:14:56.107,-13.406246019446336
2025-05-29 22:14:56.207,-13.126094652258836
2025-05-29 22:14:56.340,-12.950313402258836
2025-05-29 22:14:56.474,-12.598750902258836
2025-05-29 22:14:56.548,-12.120845628821336
2025-05-29 22:14:56.684,-11.857173753821336
2025-05-29 22:14:56.816,-11.648433519446336
2025-05-29 22:14:56.948,-11.434200121008836
2025-05-29 22:14:57.022,-11.088130785071336
2025-05-29 22:14:57.156,-10.692622972571336
2025-05-29 22:14:57.290,-10.445430589758836
2025-05-29 22:14:57.421,-10.417964769446336
2025-05-29 22:14:57.529,-10.505855394446336
2025-05-29 22:14:57.664,-11.159541917883836
2025-05-29 22:14:57.768,-11.796748949133836
2025-05-29 22:14:57.899,-12.510860277258836
2025-05-29 22:14:58.002,-12.911861253821336
2025-05-29 22:14:58.133,-13.406246019446336
2025-05-29 22:14:58.207,-13.669917894446336
2025-05-29 22:14:58.342,-13.829219652258836
2025-05-29 22:14:58.475,-13.807246996008836
2025-05-29 22:14:58.577,-13.554561449133836
2025-05-29 22:14:58.685,-13.263423753821336
2025-05-29 22:14:58.818,-13.093135667883836
2025-05-29 22:14:58.953,-12.834956956946336
2025-05-29 22:14:59.054,-12.697627855383836
2025-05-29 22:14:59.190,-12.598750902258836
2025-05-29 22:14:59.327,-12.593257738196336
2025-05-29 22:14:59.429,-12.609737230383836
2025-05-29 22:14:59.562,-12.615230394446336
2025-05-29 22:14:59.670,-12.615230394446336
2025-05-29 22:14:59.805,-12.631709886633836
2025-05-29 22:14:59.907,-12.571285081946336
2025-05-29 22:15:00.009,-12.466914964758836
2025-05-29 22:15:00.152,-12.324092699133836
2025-05-29 22:15:00.286,-12.258174730383836
2025-05-29 22:15:00.356,-12.406490160071336
2025-05-29 22:15:00.491,-12.554805589758836
2025-05-29 22:15:00.632,-13.016231371008836
2025-05-29 22:15:00.765,-13.582027269446336
2025-05-29 22:15:00.834,-14.043453050696336
2025-05-29 22:15:01.013,-14.521358324133836
2025-05-29 22:15:01.089,-14.763057542883836
2025-05-29 22:15:01.259,-15.037715746008836
2025-05-29 22:15:01.363,-15.164058519446336
2025-05-29 22:15:01.500,-14.779537035071336
2025-05-29 22:15:01.570,-14.378536058508836
2025-05-29 22:15:01.707,-13.664424730383836
2025-05-29 22:15:01.844,-13.159053636633836
2025-05-29 22:15:01.982,-12.736080003821336
2025-05-29 22:15:02.051,-12.637203050696336
2025-05-29 22:15:02.219,-12.236202074133836
2025-05-29 22:15:02.321,-12.093379808508836
2025-05-29 22:15:02.419,-11.884639574133836
2025-05-29 22:15:02.566,-11.648433519446336
2025-05-29 22:15:02.704,-11.511104417883836
2025-05-29 22:15:02.771,-11.423213792883836
2025-05-29 22:15:02.901,-11.241939378821336
2025-05-29 22:15:03.045,-11.049678636633836
2025-05-29 22:15:03.176,-10.923335863196336
2025-05-29 22:15:03.245,-10.846431566321336
2025-05-29 22:15:03.377,-10.978267503821336
2025-05-29 22:15:03.518,-11.384761644446336
2025-05-29 22:15:03.651,-12.148311449133836
2025-05-29 22:15:03.719,-12.851436449133836
2025-05-29 22:15:03.851,-13.774288011633836
2025-05-29 22:15:03.993,-14.444454027258836
2025-05-29 22:15:04.128,-14.389522386633836
2025-05-29 22:15:04.233,-14.614742113196336
2025-05-29 22:15:04.333,-14.449947191321336
2025-05-29 22:15:04.440,-14.730098558508836
2025-05-29 22:15:04.572,-14.938838792883836
2025-05-29 22:15:04.711,-15.131099535071336
2025-05-29 22:15:04.848,-14.878413988196336
2025-05-29 22:15:04.920,-15.136592699133836
2025-05-29 22:15:05.051,-14.752071214758836
2025-05-29 22:15:05.186,-14.246700121008836
2025-05-29 22:15:05.323,-13.538081956946336
2025-05-29 22:15:05.393,-13.241451097571336
2025-05-29 22:15:05.526,-12.335079027258836
2025-05-29 22:15:05.666,-11.280391527258836
2025-05-29 22:15:05.762,-10.786006761633836
2025-05-29 22:15:05.901,-10.148799730383836
2025-05-29 22:15:08.779,-10.231197191321336
2025-05-29 22:15:08.878,-10.868404222571336
2025-05-29 22:15:09.012,-11.675899339758836
2025-05-29 22:15:09.149,-12.269161058508836
2025-05-29 22:15:09.217,-12.681148363196336
2025-05-29 22:15:09.395,-13.757808519446336
2025-05-29 22:15:09.494,-14.290645433508836
2025-05-29 22:15:09.600,-14.636714769446336
2025-05-29 22:15:09.703,-14.592769456946336
2025-05-29 22:15:09.876,-14.180782152258836
2025-05-29 22:15:09.942,-14.252193285071336
2025-05-29 22:15:10.084,-13.834712816321336
2025-05-29 22:15:10.215,-13.274410081946336
2025-05-29 22:15:10.355,-12.516353441321336
2025-05-29 22:15:10.420,-12.335079027258836
2025-05-29 22:15:10.557,-11.774776292883836
2025-05-29 22:15:10.693,-11.143062425696336
2025-05-29 22:15:10.832,-10.621211839758836
2025-05-29 22:15:10.929,-10.461910081946336
2025-05-29 22:15:11.068,-10.225704027258836
2025-05-29 22:15:11.134,-10.071895433508836
2025-05-29 22:15:13.921,-10.033443285071336
2025-05-29 22:15:14.018,-10.225704027258836
2025-05-29 22:15:14.159,-10.527828050696336
2025-05-29 22:15:14.254,-10.571773363196336
2025-05-29 22:15:14.397,-10.879390550696336
2025-05-29 22:15:14.460,-10.813472581946336
2025-05-29 22:15:14.600,-10.890376878821336
2025-05-29 22:15:14.697,-10.796993089758836
2025-05-29 22:15:14.868,-10.352046800696336
2025-05-29 22:15:14.934,-10.060909105383836
2025-05-29 22:15:17.736,-10.027950121008836
2025-05-29 22:15:17.799,-10.176265550696336
2025-05-29 22:15:17.938,-10.286128831946336
2025-05-29 22:15:18.067,-10.352046800696336
2025-05-29 22:15:18.173,-10.335567308508836
2025-05-29 22:15:18.270,-10.374019456946336
2025-05-29 22:15:18.411,-10.247676683508836
2025-05-29 22:15:18.540,-10.269649339758836
2025-05-29 22:15:18.682,-10.209224535071336
2025-05-29 22:15:18.745,-10.324580980383836
2025-05-29 22:15:20.199,-10.060909105383836
2025-05-29 22:15:20.341,-10.385005785071336
2025-05-29 22:15:20.453,-10.242183519446336
2025-05-29 22:15:20.598,-10.363033128821336
2025-05-29 22:15:20.661,-10.357539964758836
2025-05-29 22:15:20.802,-10.170772386633836
2025-05-29 22:15:20.895,-10.022456956946336
2025-05-29 22:15:30.590,-10.088374925696336
2025-05-29 22:15:30.661,-10.489375902258836
2025-05-29 22:15:30.788,-10.802486253821336
2025-05-29 22:15:30.896,-11.373775316321336
2025-05-29 22:15:31.061,-11.730830980383836
2025-05-29 22:15:31.131,-12.038448167883836
2025-05-29 22:15:31.260,-11.967037035071336
2025-05-29 22:15:31.403,-11.269405199133836
2025-05-29 22:15:31.535,-10.555293871008836
2025-05-29 22:16:18.726,11.126224683678664
2025-05-29 22:16:18.819,12.889530347741164
2025-05-29 22:16:18.915,15.888797925866164
2025-05-29 22:16:19.016,18.558475660241164
2025-05-29 22:16:19.176,22.645389722741164
2025-05-29 22:16:19.259,26.369754957116164
2025-05-29 22:16:19.392,29.176761793053664
2025-05-29 22:16:19.525,31.450931714928664
2025-05-29 22:16:19.620,33.906376050866164
2025-05-29 22:16:19.755,34.675419019616164
2025-05-29 22:16:19.863,35.620243238366164
2025-05-29 22:16:19.988,36.240970777428664
2025-05-29 22:16:20.122,36.839725660241164
2025-05-29 22:16:20.184,36.652958082116164
2025-05-29 22:16:20.312,36.444217847741164
2025-05-29 22:16:20.425,36.301395582116164
2025-05-29 22:16:20.553,36.301395582116164
2025-05-29 22:16:20.654,36.345340894616164
2025-05-29 22:16:20.784,36.565067457116164
2025-05-29 22:16:20.917,36.526615308678664
2025-05-29 22:16:21.059,36.592533277428664
2025-05-29 22:16:21.154,36.570560621178664
2025-05-29 22:16:21.254,36.598026441491164
2025-05-29 22:16:21.378,36.576053785241164
2025-05-29 22:16:21.499,36.598026441491164
2025-05-29 22:16:21.641,36.691410230553664
2025-05-29 22:16:21.735,36.762821363366164
2025-05-29 22:16:21.839,37.301151441491164
2025-05-29 22:16:21.964,37.438480543053664
2025-05-29 22:16:22.111,37.669193433678664
2025-05-29 22:16:22.238,37.850467847741164
2025-05-29 22:16:22.301,37.938358472741164
2025-05-29 22:16:22.460,37.861454175866164
2025-05-29 22:16:22.588,37.746097730553664
2025-05-29 22:16:22.720,37.762577222741164
2025-05-29 22:16:22.785,37.614261793053664
2025-05-29 22:16:22.910,37.718631910241164
2025-05-29 22:16:23.024,37.757084058678664
2025-05-29 22:16:23.149,37.740604566491164
2025-05-29 22:16:23.279,37.762577222741164
2025-05-29 22:16:23.384,37.823002027428664
2025-05-29 22:16:23.480,37.790043043053664
2025-05-29 22:16:23.611,37.707645582116164
2025-05-29 22:16:23.709,37.674686597741164
2025-05-29 22:16:23.875,37.729618238366164
2025-05-29 22:16:23.945,37.729618238366164
2025-05-29 22:16:24.073,37.833988355553664
2025-05-29 22:16:24.211,37.993290113366164
2025-05-29 22:16:24.315,37.993290113366164
2025-05-29 22:16:24.442,37.998783277428664
2025-05-29 22:16:24.544,38.009769605553664
2025-05-29 22:16:24.674,38.048221753991164
2025-05-29 22:16:24.784,38.086673902428664
2025-05-29 22:16:24.916,38.092167066491164
2025-05-29 22:16:25.050,38.070194410241164
2025-05-29 22:16:25.130,38.070194410241164
2025-05-29 22:16:25.260,38.059208082116164
2025-05-29 22:16:25.390,38.092167066491164
2025-05-29 22:16:25.516,38.147098707116164
2025-05-29 22:16:25.580,38.152591871178664
2025-05-29 22:16:25.727,38.086673902428664
2025-05-29 22:16:25.853,38.092167066491164
2025-05-29 22:16:25.994,38.037235425866164
2025-05-29 22:16:26.101,38.064701246178664
2025-05-29 22:16:26.226,38.125126050866164
2025-05-29 22:16:26.329,38.048221753991164
2025-05-29 22:16:26.465,38.059208082116164
2025-05-29 22:16:26.578,38.213016675866164
2025-05-29 22:16:26.714,38.339359449303664
2025-05-29 22:16:26.781,38.328373121178664
2025-05-29 22:16:26.919,38.224003003991164
2025-05-29 22:16:27.027,38.086673902428664
2025-05-29 22:16:27.186,37.740604566491164
2025-05-29 22:16:27.254,37.504398511803664
2025-05-29 22:16:27.380,37.394535230553664
2025-05-29 22:16:27.525,37.268192457116164
2025-05-29 22:16:27.623,37.317630933678664
2025-05-29 22:16:27.750,37.411014722741164
2025-05-29 22:16:27.894,37.361576246178664
2025-05-29 22:16:27.989,37.548343824303664
2025-05-29 22:16:28.142,37.652713941491164
2025-05-29 22:16:28.242,37.971317457116164
2025-05-29 22:16:28.368,38.251468824303664
2025-05-29 22:16:28.437,38.339359449303664
2025-05-29 22:16:28.563,38.245975660241164
2025-05-29 22:16:28.706,38.202030347741164
2025-05-29 22:16:28.835,38.218509839928664
2025-05-29 22:16:28.897,38.191044019616164
2025-05-29 22:16:29.028,38.311893628991164
2025-05-29 22:16:29.157,38.355838941491164
2025-05-29 22:16:29.292,38.465702222741164
2025-05-29 22:16:29.363,38.559086011803664
2025-05-29 22:16:29.518,38.674442457116164
2025-05-29 22:16:29.585,38.592044996178664
2025-05-29 22:16:29.761,38.427250074303664
2025-05-29 22:16:29.856,38.191044019616164
2025-05-29 22:16:29.990,38.042728589928664
2025-05-29 22:16:30.055,37.839481519616164
2025-05-29 22:16:30.201,37.801029371178664
2025-05-29 22:16:30.335,37.762577222741164
2025-05-29 22:16:30.460,37.685672925866164
2025-05-29 22:16:30.529,37.592289136803664
2025-05-29 22:16:30.670,37.449466871178664
2025-05-29 22:16:30.795,37.334110425866164
2025-05-29 22:16:30.927,37.163822339928664
2025-05-29 22:16:30.990,37.070438550866164
2025-05-29 22:16:31.165,36.938602613366164
2025-05-29 22:16:31.231,36.900150464928664
2025-05-29 22:16:31.389,36.735355543053664
2025-05-29 22:16:31.492,36.713382886803664
2025-05-29 22:16:31.618,36.707889722741164
2025-05-29 22:16:31.682,36.806766675866164
2025-05-29 22:16:31.825,36.944095777428664
2025-05-29 22:16:31.920,37.086918043053664
2025-05-29 22:16:32.095,37.273685621178664
2025-05-29 22:16:32.169,37.383548902428664
2025-05-29 22:16:32.295,37.454960035241164
2025-05-29 22:16:32.431,37.476932691491164
2025-05-29 22:16:32.572,37.515384839928664
2025-05-29 22:16:32.672,37.537357496178664
2025-05-29 22:16:32.808,37.422001050866164
2025-05-29 22:16:32.870,37.422001050866164
2025-05-29 22:16:33.041,37.180301832116164
2025-05-29 22:16:33.143,37.125370191491164
2025-05-29 22:16:33.266,37.086918043053664
2025-05-29 22:16:33.331,36.999027418053664
2025-05-29 22:16:33.474,37.037479566491164
2025-05-29 22:16:33.599,36.982547925866164
2025-05-29 22:16:33.703,36.977054761803664
2025-05-29 22:16:33.807,36.872684644616164
2025-05-29 22:16:33.962,36.861698316491164
2025-05-29 22:16:34.156,36.801273511803664
2025-05-29 22:16:34.290,36.614505933678664
2025-05-29 22:16:34.389,36.422245191491164
2025-05-29 22:16:34.518,36.246463941491164
2025-05-29 22:16:34.584,36.218998121178664
2025-05-29 22:16:34.763,36.021244214928664
2025-05-29 22:16:34.856,35.900394605553664
2025-05-29 22:16:34.984,35.850956128991164
2025-05-29 22:16:35.061,35.713627027428664
2025-05-29 22:16:35.188,35.686161207116164
2025-05-29 22:16:35.318,35.466434644616164
2025-05-29 22:16:35.447,35.362064527428664
2025-05-29 22:16:35.511,35.422489332116164
2025-05-29 22:16:35.661,35.296146558678664
2025-05-29 22:16:35.788,35.208255933678664
2025-05-29 22:16:35.924,34.845707105553664
2025-05-29 22:16:36.036,34.647953199303664
2025-05-29 22:16:36.161,34.560062574303664
2025-05-29 22:16:36.231,34.554569410241164
2025-05-29 22:16:36.384,34.505130933678664
2025-05-29 22:16:36.484,34.538089918053664
2025-05-29 22:16:36.658,34.439212964928664
2025-05-29 22:16:36.722,34.246952222741164
2025-05-29 22:16:36.850,34.181034253991164
2025-05-29 22:16:37.001,34.263431714928664
2025-05-29 22:16:37.128,34.131595777428664
2025-05-29 22:16:37.229,34.021732496178664
2025-05-29 22:16:37.323,33.774540113366164
2025-05-29 22:16:37.459,33.455936597741164
2025-05-29 22:16:37.596,32.686893628991164
2025-05-29 22:16:37.702,30.017215894616164
2025-05-29 22:16:37.800,28.863651441491164
2025-05-29 22:16:37.913,27.973758863366164
2025-05-29 22:16:38.044,27.495853589928664
2025-05-29 22:16:38.143,27.962772535241164
2025-05-29 22:16:38.307,29.110843824303664
2025-05-29 22:16:38.370,30.044681714928664
2025-05-29 22:16:38.510,31.665165113366164
2025-05-29 22:16:38.608,32.263919996178664
2025-05-29 22:16:38.772,32.725345777428664
2025-05-29 22:16:38.877,31.538822339928664
2025-05-29 22:16:38.982,31.934330152428664
2025-05-29 22:16:39.156,31.088382886803664
2025-05-29 22:16:39.297,31.341068433678664
2025-05-29 22:16:39.395,31.643192457116164
2025-05-29 22:16:39.535,31.198246168053664
2025-05-29 22:16:39.597,30.819217847741164
2025-05-29 22:16:39.726,31.159794019616164
2025-05-29 22:16:39.870,31.396000074303664
2025-05-29 22:16:39.997,32.395755933678664
2025-05-29 22:16:40.065,33.565799878991164
2025-05-29 22:16:40.208,35.609256910241164
2025-05-29 22:16:40.333,38.037235425866164
2025-05-29 22:16:40.468,41.344120191491164
2025-05-29 22:16:40.564,44.821293043053664
2025-05-29 22:16:40.660,48.067753003991164
2025-05-29 22:16:40.799,49.303714918053664
2025-05-29 22:16:40.895,50.490238355553664
2025-05-29 22:16:41.023,50.957157300866164
2025-05-29 22:16:41.167,51.303226636803664
2025-05-29 22:16:41.260,50.885746168053664
2025-05-29 22:16:41.360,50.885746168053664
2025-05-29 22:16:41.473,50.693485425866164
2025-05-29 22:16:41.603,50.786869214928664
2025-05-29 22:16:41.716,50.545169996178664
2025-05-29 22:16:41.846,50.918705152428664
2025-05-29 22:16:41.973,51.308719800866164
2025-05-29 22:16:42.117,51.413089918053664
2025-05-29 22:16:42.210,51.067020582116164
2025-05-29 22:16:42.307,50.825321363366164
2025-05-29 22:16:42.451,50.880253003991164
2025-05-29 22:16:42.578,50.929691480553664
2025-05-29 22:16:42.683,50.907718824303664
2025-05-29 22:16:42.814,50.687992261803664
2025-05-29 22:16:42.875,50.462772535241164
2025-05-29 22:16:43.049,50.221073316491164
2025-05-29 22:16:43.143,50.001346753991164
2025-05-29 22:16:43.269,49.825565503991164
2025-05-29 22:16:43.340,49.644291089928664
2025-05-29 22:16:43.466,49.523441480553664
2025-05-29 22:16:43.603,49.408085035241164
2025-05-29 22:16:43.739,49.375126050866164
2025-05-29 22:16:43.832,49.270755933678664
2025-05-29 22:16:43.966,49.018070386803664
2025-05-29 22:16:44.064,48.842289136803664
2025-05-29 22:16:44.189,48.721439527428664
2025-05-29 22:16:44.299,48.710453199303664
2025-05-29 22:16:44.431,48.710453199303664
2025-05-29 22:16:44.492,48.732425855553664
2025-05-29 22:16:44.627,48.704960035241164
2025-05-29 22:16:44.753,48.732425855553664
2025-05-29 22:16:44.907,48.578617261803664
2025-05-29 22:16:44.977,48.424808668053664
2025-05-29 22:16:45.102,48.320438550866164
2025-05-29 22:16:45.236,48.320438550866164
2025-05-29 22:16:45.373,48.386356519616164
2025-05-29 22:16:45.469,48.726932691491164
2025-05-29 22:16:45.600,48.869754957116164
2025-05-29 22:16:45.698,48.820316480553664
2025-05-29 22:16:45.825,48.704960035241164
2025-05-29 22:16:45.949,48.512699293053664
2025-05-29 22:16:46.060,48.463260816491164
2025-05-29 22:16:46.152,48.490726636803664
2025-05-29 22:16:46.284,48.595096753991164
2025-05-29 22:16:46.384,48.941166089928664
2025-05-29 22:16:46.548,48.765384839928664
2025-05-29 22:16:46.620,48.430301832116164
2025-05-29 22:16:46.748,48.067753003991164
2025-05-29 22:16:46.874,47.798587964928664
2025-05-29 22:16:47.007,47.677738355553664
2025-05-29 22:16:47.102,47.589847730553664
2025-05-29 22:16:47.239,47.221805738366164
2025-05-29 22:16:47.306,47.029544996178664
2025-05-29 22:16:47.462,46.793338941491164
2025-05-29 22:16:47.567,46.507694410241164
2025-05-29 22:16:47.694,46.414310621178664
2025-05-29 22:16:47.756,46.216556714928664
2025-05-29 22:16:47.894,45.991336988366164
2025-05-29 22:16:48.026,45.914432691491164
2025-05-29 22:16:48.153,45.991336988366164
2025-05-29 22:16:48.225,45.903446363366164
2025-05-29 22:16:48.379,45.354129957116164
2025-05-29 22:16:48.517,44.931156324303664
2025-05-29 22:16:48.657,44.123661207116164
2025-05-29 22:16:48.750,43.239261793053664
2025-05-29 22:16:48.881,42.360355543053664
2025-05-29 22:16:48.949,42.294437574303664
2025-05-29 22:16:49.107,42.926151441491164
2025-05-29 22:16:49.213,43.041507886803664
2025-05-29 22:16:49.352,43.063480543053664
2025-05-29 22:16:49.413,42.849247144616164
2025-05-29 22:16:49.542,42.343876050866164
2025-05-29 22:16:49.679,41.640751050866164
2025-05-29 22:16:49.804,41.651737378991164
2025-05-29 22:16:49.879,41.679203199303664
2025-05-29 22:16:50.008,41.646244214928664
2025-05-29 22:16:50.133,41.734134839928664
2025-05-29 22:16:50.272,41.778080152428664
2025-05-29 22:16:50.367,41.717655347741164
2025-05-29 22:16:50.502,41.657230543053664
2025-05-29 22:16:50.574,41.558353589928664
2025-05-29 22:16:50.734,41.305668043053664
2025-05-29 22:16:50.831,41.135379957116164
2025-05-29 22:16:50.978,41.289188550866164
2025-05-29 22:16:51.039,41.311161207116164
2025-05-29 22:16:51.170,41.530887769616164
2025-05-29 22:16:51.303,41.607792066491164
2025-05-29 22:16:51.447,41.778080152428664
2025-05-29 22:16:51.524,41.602298902428664
2025-05-29 22:16:51.658,41.734134839928664
2025-05-29 22:16:51.789,41.646244214928664
2025-05-29 22:16:51.944,41.871463941491164
2025-05-29 22:16:52.038,41.767093824303664
2025-05-29 22:16:52.171,41.684696363366164
2025-05-29 22:16:52.239,41.668216871178664
2025-05-29 22:16:52.369,41.745121168053664
2025-05-29 22:16:52.508,41.613285230553664
2025-05-29 22:16:52.647,41.701175855553664
2025-05-29 22:16:52.709,41.717655347741164
2025-05-29 22:16:52.843,41.585819410241164
2025-05-29 22:16:52.980,41.475956128991164
2025-05-29 22:16:53.107,41.552860425866164
2025-05-29 22:16:53.174,41.635257886803664
2025-05-29 22:16:53.309,41.909916089928664
2025-05-29 22:16:53.436,42.030765699303664
2025-05-29 22:16:53.578,42.250492261803664
2025-05-29 22:16:53.674,42.876712964928664
2025-05-29 22:16:53.802,43.244754957116164
2025-05-29 22:16:53.871,43.805057691491164
2025-05-29 22:16:54.003,44.222538160241164
2025-05-29 22:16:54.135,44.392826246178664
2025-05-29 22:16:54.289,44.634525464928664
2025-05-29 22:16:54.357,44.541141675866164
2025-05-29 22:16:54.485,44.480716871178664
2025-05-29 22:16:54.620,44.107181714928664
2025-05-29 22:16:54.751,44.019291089928664
2025-05-29 22:16:54.844,43.821537183678664
2025-05-29 22:16:54.956,43.975345777428664
2025-05-29 22:16:55.054,43.969852613366164
2025-05-29 22:16:55.213,43.947879957116164
2025-05-29 22:16:55.318,43.986332105553664
2025-05-29 22:16:55.454,43.920414136803664
2025-05-29 22:16:55.522,43.827030347741164
2025-05-29 22:16:55.665,43.596317457116164
2025-05-29 22:16:55.791,42.970096753991164
2025-05-29 22:16:55.886,42.569095777428664
2025-05-29 22:16:55.991,41.981327222741164
2025-05-29 22:16:56.118,41.915409253991164
2025-05-29 22:16:56.257,41.827518628991164
2025-05-29 22:16:56.386,41.475956128991164
2025-05-29 22:16:56.481,41.673710035241164
2025-05-29 22:16:56.583,41.794559644616164
2025-05-29 22:16:56.716,41.854984449303664
2025-05-29 22:16:56.842,41.854984449303664
2025-05-29 22:16:56.952,41.679203199303664
2025-05-29 22:16:57.086,41.662723707116164
2025-05-29 22:16:57.148,41.756107496178664
2025-05-29 22:16:57.284,41.833011793053664
2025-05-29 22:16:57.413,41.756107496178664
2025-05-29 22:16:57.539,41.833011793053664
2025-05-29 22:16:57.613,41.761600660241164
2025-05-29 22:16:57.746,41.695682691491164
2025-05-29 22:16:57.871,41.986820386803664
2025-05-29 22:16:58.019,42.058231519616164
2025-05-29 22:16:58.116,41.953861402428664
2025-05-29 22:16:58.210,41.712162183678664
2025-05-29 22:16:58.344,41.701175855553664
2025-05-29 22:16:58.467,41.668216871178664
2025-05-29 22:16:58.533,41.569339918053664
2025-05-29 22:16:58.711,41.448490308678664
2025-05-29 22:16:58.774,41.470462964928664
2025-05-29 22:16:58.909,41.333133863366164
2025-05-29 22:16:59.046,41.415531324303664
2025-05-29 22:16:59.169,41.223270582116164
2025-05-29 22:16:59.237,41.250736402428664
2025-05-29 22:16:59.421,41.217777418053664
2025-05-29 22:16:59.517,41.294681714928664
2025-05-29 22:16:59.654,41.267215894616164
2025-05-29 22:16:59.749,41.289188550866164
2025-05-29 22:16:59.843,41.294681714928664
2025-05-29 22:16:59.975,41.349613355553664
2025-05-29 22:17:00.101,41.442997144616164
2025-05-29 22:17:00.196,41.349613355553664
2025-05-29 22:17:00.328,41.410038160241164
2025-05-29 22:17:00.394,41.360599683678664
2025-05-29 22:17:00.518,41.464969800866164
2025-05-29 22:17:00.655,41.508915113366164
2025-05-29 22:17:00.779,41.574833082116164
2025-05-29 22:17:00.845,41.596805738366164
2025-05-29 22:17:01.032,41.761600660241164
2025-05-29 22:17:01.129,41.811039136803664
2025-05-29 22:17:01.262,41.931888746178664
2025-05-29 22:17:01.330,42.140628980553664
2025-05-29 22:17:01.456,42.201053785241164
2025-05-29 22:17:01.589,42.266971753991164
2025-05-29 22:17:01.719,42.080204175866164
2025-05-29 22:17:01.815,42.074711011803664
2025-05-29 22:17:01.916,41.959354566491164
2025-05-29 22:17:02.033,41.750614332116164
2025-05-29 22:17:02.161,41.723148511803664
2025-05-29 22:17:02.297,41.887943433678664
2025-05-29 22:17:02.422,42.442753003991164
2025-05-29 22:17:02.504,41.811039136803664
2025-05-29 22:17:02.648,41.794559644616164
2025-05-29 22:17:02.776,41.146366285241164
2025-05-29 22:17:02.910,41.388065503991164
2025-05-29 22:17:03.010,41.305668043053664
2025-05-29 22:17:03.137,41.536380933678664
2025-05-29 22:17:03.241,41.580326246178664
2025-05-29 22:17:03.384,41.530887769616164
2025-05-29 22:17:03.478,41.668216871178664
2025-05-29 22:17:03.609,41.723148511803664
2025-05-29 22:17:03.707,41.756107496178664
2025-05-29 22:17:03.801,41.745121168053664
2025-05-29 22:17:03.933,41.717655347741164
2025-05-29 22:17:04.066,41.646244214928664
2025-05-29 22:17:04.129,41.635257886803664
2025-05-29 22:17:04.265,41.618778394616164
2025-05-29 22:17:04.393,41.739628003991164
2025-05-29 22:17:04.486,41.860477613366164
2025-05-29 22:17:04.619,41.816532300866164
2025-05-29 22:17:04.746,41.789066480553664
2025-05-29 22:17:04.808,41.822025464928664
2025-05-29 22:17:04.970,41.937381910241164
2025-05-29 22:17:05.062,41.937381910241164
2025-05-29 22:17:05.198,41.783573316491164
2025-05-29 22:17:05.292,41.750614332116164
2025-05-29 22:17:05.423,41.662723707116164
2025-05-29 22:17:05.517,41.629764722741164
2025-05-29 22:17:05.685,41.508915113366164
2025-05-29 22:17:05.780,41.442997144616164
2025-05-29 22:17:05.876,41.294681714928664
2025-05-29 22:17:06.012,41.283695386803664
2025-05-29 22:17:06.137,41.168338941491164
2025-05-29 22:17:06.238,41.096927808678664
2025-05-29 22:17:06.388,41.080448316491164
2025-05-29 22:17:06.450,40.992557691491164
2025-05-29 22:17:06.622,40.761844800866164
2025-05-29 22:17:06.736,40.619022535241164
2025-05-29 22:17:06.861,40.981571363366164
2025-05-29 22:17:06.956,41.212284253991164
2025-05-29 22:17:07.057,41.393558668053664
2025-05-29 22:17:07.180,41.256229566491164
2025-05-29 22:17:07.309,40.673954175866164
2025-05-29 22:17:07.405,40.174076246178664
2025-05-29 22:17:07.501,39.674198316491164
2025-05-29 22:17:07.595,39.383060621178664
2025-05-29 22:17:07.731,39.229252027428664
2025-05-29 22:17:07.853,39.108402418053664
2025-05-29 22:17:07.996,38.822757886803664
2025-05-29 22:17:08.061,39.020511793053664
2025-05-29 22:17:08.236,39.174320386803664
2025-05-29 22:17:08.340,39.410526441491164
2025-05-29 22:17:08.465,39.234745191491164
2025-05-29 22:17:08.527,39.306156324303664
2025-05-29 22:17:08.674,39.047977613366164
2025-05-29 22:17:08.778,38.993045972741164
2025-05-29 22:17:08.937,39.015018628991164
2025-05-29 22:17:09.006,38.949100660241164
2025-05-29 22:17:09.136,38.949100660241164
2025-05-29 22:17:09.230,38.861210035241164
2025-05-29 22:17:09.400,38.762333082116164
2025-05-29 22:17:09.495,38.756839918053664
2025-05-29 22:17:09.623,38.674442457116164
2025-05-29 22:17:09.690,38.767826246178664
2025-05-29 22:17:09.818,38.784305738366164
2025-05-29 22:17:09.942,38.696415113366164
2025-05-29 22:17:10.077,38.570072339928664
2025-05-29 22:17:10.140,38.405277418053664
2025-05-29 22:17:10.271,38.383304761803664
2025-05-29 22:17:10.403,38.410770582116164
2025-05-29 22:17:10.529,38.498661207116164
2025-05-29 22:17:10.593,38.586551832116164
2025-05-29 22:17:10.745,38.778812574303664
2025-05-29 22:17:10.872,38.707401441491164
2025-05-29 22:17:10.965,38.773319410241164
2025-05-29 22:17:11.100,38.630497144616164
2025-05-29 22:17:11.227,38.811771558678664
2025-05-29 22:17:11.293,38.877689527428664
2025-05-29 22:17:11.438,38.899662183678664
2025-05-29 22:17:11.562,38.723880933678664
2025-05-29 22:17:11.699,38.322879957116164
2025-05-29 22:17:11.773,38.366825269616164
2025-05-29 22:17:11.913,38.674442457116164
2025-05-29 22:17:12.039,38.641483472741164
2025-05-29 22:17:12.173,39.031498121178664
2025-05-29 22:17:12.267,39.119388746178664
2025-05-29 22:17:12.362,39.575321363366164
2025-05-29 22:17:12.493,39.542362378991164
2025-05-29 22:17:12.625,39.712650464928664
2025-05-29 22:17:12.722,39.734623121178664
2025-05-29 22:17:12.855,39.663211988366164
2025-05-29 22:17:12.948,39.751102613366164
2025-05-29 22:17:13.044,39.509403394616164
2025-05-29 22:17:13.174,39.674198316491164
2025-05-29 22:17:13.268,39.459964918053664
2025-05-29 22:17:13.361,38.987552808678664
2025-05-29 22:17:13.505,39.108402418053664
2025-05-29 22:17:13.632,38.548099683678664
2025-05-29 22:17:13.762,38.081180738366164
2025-05-29 22:17:13.860,37.965824293053664
2025-05-29 22:17:13.955,38.509647535241164
2025-05-29 22:17:14.087,38.586551832116164
2025-05-29 22:17:14.220,38.147098707116164
2025-05-29 22:17:14.324,37.877933668053664
2025-05-29 22:17:14.459,37.795536207116164
2025-05-29 22:17:14.524,37.762577222741164
2025-05-29 22:17:14.652,37.224247144616164
2025-05-29 22:17:14.782,37.328617261803664
2025-05-29 22:17:14.930,37.526371168053664
2025-05-29 22:17:14.996,37.773563550866164
2025-05-29 22:17:15.123,37.735111402428664
2025-05-29 22:17:15.256,37.630741285241164
2025-05-29 22:17:15.381,37.921878980553664
2025-05-29 22:17:15.477,37.240726636803664
2025-05-29 22:17:15.578,37.246219800866164
2025-05-29 22:17:15.706,37.498905347741164
2025-05-29 22:17:15.838,37.383548902428664
2025-05-29 22:17:15.935,37.092411207116164
2025-05-29 22:17:16.034,37.279178785241164
2025-05-29 22:17:16.127,37.086918043053664
2025-05-29 22:17:16.263,37.268192457116164
2025-05-29 22:17:16.388,36.911136793053664
2025-05-29 22:17:16.522,37.229740308678664
2025-05-29 22:17:16.586,37.389042066491164
2025-05-29 22:17:16.714,37.564823316491164
2025-05-29 22:17:16.851,37.394535230553664
2025-05-29 22:17:16.998,37.257206128991164
2025-05-29 22:17:17.091,37.202274488366164
2025-05-29 22:17:17.187,37.564823316491164
2025-05-29 22:17:17.337,37.520878003991164
2025-05-29 22:17:17.463,37.537357496178664
2025-05-29 22:17:17.565,37.323124097741164
2025-05-29 22:17:17.713,37.537357496178664
2025-05-29 22:17:17.777,37.564823316491164
2025-05-29 22:17:17.903,37.674686597741164
2025-05-29 22:17:18.042,37.592289136803664
2025-05-29 22:17:18.166,37.312137769616164
2025-05-29 22:17:18.230,37.169315503991164
2025-05-29 22:17:18.361,37.257206128991164
2025-05-29 22:17:18.488,37.460453199303664
2025-05-29 22:17:18.614,37.350589918053664
2025-05-29 22:17:18.718,37.224247144616164
2025-05-29 22:17:18.812,37.158329175866164
2025-05-29 22:17:18.942,36.790287183678664
2025-05-29 22:17:19.080,36.795780347741164
2025-05-29 22:17:19.173,36.850711988366164
2025-05-29 22:17:19.306,36.746341871178664
2025-05-29 22:17:19.373,36.784794019616164
2025-05-29 22:17:19.498,36.790287183678664
2025-05-29 22:17:19.626,36.685917066491164
2025-05-29 22:17:19.776,36.598026441491164
2025-05-29 22:17:19.844,36.691410230553664
2025-05-29 22:17:19.970,36.493656324303664
2025-05-29 22:17:20.131,36.806766675866164
2025-05-29 22:17:20.231,36.422245191491164
2025-05-29 22:17:20.355,36.510135816491164
2025-05-29 22:17:20.488,36.356327222741164
2025-05-29 22:17:20.584,36.339847730553664
2025-05-29 22:17:20.710,35.982792066491164
2025-05-29 22:17:20.810,35.894901441491164
2025-05-29 22:17:20.937,35.850956128991164
2025-05-29 22:17:21.001,35.828983472741164
2025-05-29 22:17:21.131,35.817997144616164
2025-05-29 22:17:21.229,36.065189527428664
2025-05-29 22:17:21.382,36.098148511803664
2025-05-29 22:17:21.450,36.142093824303664
2025-05-29 22:17:21.608,36.092655347741164
2025-05-29 22:17:21.747,36.202518628991164
2025-05-29 22:17:21.878,36.224491285241164
2025-05-29 22:17:21.987,36.328861402428664
2025-05-29 22:17:22.113,36.378299878991164
2025-05-29 22:17:22.176,36.449711011803664
2025-05-29 22:17:22.341,36.400272535241164
2025-05-29 22:17:22.434,36.422245191491164
2025-05-29 22:17:22.566,36.471683668053664
2025-05-29 22:17:22.636,36.559574293053664
2025-05-29 22:17:22.762,36.581546949303664
2025-05-29 22:17:22.889,36.614505933678664
2025-05-29 22:17:23.028,36.543094800866164
2025-05-29 22:17:23.096,36.521122144616164
2025-05-29 22:17:23.258,36.521122144616164
2025-05-29 22:17:23.366,36.669437574303664
2025-05-29 22:17:23.492,36.647464918053664
2025-05-29 22:17:23.588,36.609012769616164
2025-05-29 22:17:23.741,36.548587964928664
2025-05-29 22:17:23.803,36.746341871178664
2025-05-29 22:17:23.962,37.570316480553664
2025-05-29 22:17:24.064,36.872684644616164
2025-05-29 22:17:24.189,37.306644605553664
2025-05-29 22:17:24.250,36.955082105553664
2025-05-29 22:17:24.385,36.955082105553664
2025-05-29 22:17:24.515,36.526615308678664
2025-05-29 22:17:24.642,36.587040113366164
2025-05-29 22:17:24.710,35.944339918053664
2025-05-29 22:17:24.837,36.235477613366164
2025-05-29 22:17:24.962,35.109378980553664
2025-05-29 22:17:25.099,34.900638746178664
2025-05-29 22:17:25.192,35.059940503991164
2025-05-29 22:17:25.319,35.329105543053664
2025-05-29 22:17:25.389,35.065433668053664
2025-05-29 22:17:25.550,34.867679761803664
2025-05-29 22:17:25.643,34.895145582116164
2025-05-29 22:17:25.785,34.735843824303664
2025-05-29 22:17:25.860,34.900638746178664
2025-05-29 22:17:25.992,35.285160230553664
2025-05-29 22:17:26.132,35.274173902428664
2025-05-29 22:17:26.268,35.592777418053664
2025-05-29 22:17:26.331,35.620243238366164
2025-05-29 22:17:26.455,35.922367261803664
2025-05-29 22:17:26.588,36.076175855553664
2025-05-29 22:17:26.716,37.103397535241164
2025-05-29 22:17:26.817,38.949100660241164
2025-05-29 22:17:26.954,41.399051832116164
2025-05-29 22:17:27.016,42.486698316491164
2025-05-29 22:17:27.173,44.019291089928664
2025-05-29 22:17:27.273,43.563358472741164
2025-05-29 22:17:27.399,44.134647535241164
2025-05-29 22:17:27.461,44.052250074303664
2025-05-29 22:17:27.602,43.590824293053664
2025-05-29 22:17:27.748,43.233768628991164
2025-05-29 22:17:27.873,43.101932691491164
2025-05-29 22:17:27.938,43.074466871178664
2025-05-29 22:17:28.071,42.931644605553664
2025-05-29 22:17:28.196,42.783329175866164
2025-05-29 22:17:28.330,42.854740308678664
2025-05-29 22:17:28.396,43.019535230553664
2025-05-29 22:17:28.553,42.739383863366164
2025-05-29 22:17:28.618,42.700931714928664
2025-05-29 22:17:28.754,42.816288160241164
2025-05-29 22:17:28.894,42.920658277428664
2025-05-29 22:17:29.034,42.722904371178664
2025-05-29 22:17:29.098,43.047001050866164
2025-05-29 22:17:29.222,43.728153394616164
2025-05-29 22:17:29.353,43.986332105553664
2025-05-29 22:17:29.502,43.706180738366164
2025-05-29 22:17:29.598,43.750126050866164
2025-05-29 22:17:29.692,43.618290113366164
2025-05-29 22:17:29.826,43.426029371178664
2025-05-29 22:17:29.955,43.382084058678664
2025-05-29 22:17:30.048,43.255741285241164
2025-05-29 22:17:30.183,43.134891675866164
2025-05-29 22:17:30.248,42.948124097741164
2025-05-29 22:17:30.372,42.678959058678664
2025-05-29 22:17:30.514,42.530643628991164
2025-05-29 22:17:30.664,42.250492261803664
2025-05-29 22:17:30.728,42.135135816491164
2025-05-29 22:17:30.854,41.876957105553664
2025-05-29 22:17:30.987,41.591312574303664
2025-05-29 22:17:31.113,41.289188550866164
2025-05-29 22:17:31.207,41.426517652428664
2025-05-29 22:17:31.310,41.651737378991164
2025-05-29 22:17:31.435,42.332889722741164
2025-05-29 22:17:31.564,42.519657300866164
2025-05-29 22:17:31.677,42.700931714928664
2025-05-29 22:17:31.806,42.338382886803664
2025-05-29 22:17:31.868,42.184574293053664
2025-05-29 22:17:32.037,42.299930738366164
2025-05-29 22:17:32.130,42.541629957116164
2025-05-29 22:17:32.259,42.909671949303664
2025-05-29 22:17:32.337,43.585331128991164
2025-05-29 22:17:32.467,44.557621168053664
2025-05-29 22:17:32.595,45.864994214928664
2025-05-29 22:17:32.737,46.590091871178664
2025-05-29 22:17:32.834,48.128177808678664
2025-05-29 22:17:32.927,48.545658277428664
2025-05-29 22:17:33.064,48.990604566491164
2025-05-29 22:17:33.191,48.809330152428664
2025-05-29 22:17:33.284,48.347904371178664
2025-05-29 22:17:33.419,47.485477613366164
2025-05-29 22:17:33.485,47.842533277428664
2025-05-29 22:17:33.621,47.430545972741164
2025-05-29 22:17:33.756,47.853519605553664
2025-05-29 22:17:33.883,48.540165113366164
2025-05-29 22:17:33.945,49.149906324303664
2025-05-29 22:17:34.133,48.672001050866164
2025-05-29 22:17:34.270,48.957645582116164
2025-05-29 22:17:34.397,48.540165113366164
2025-05-29 22:17:34.505,49.127933668053664
2025-05-29 22:17:34.612,48.765384839928664
2025-05-29 22:17:34.747,48.512699293053664
2025-05-29 22:17:34.854,48.221561597741164
2025-05-29 22:17:34.988,48.062259839928664
2025-05-29 22:17:35.113,47.804081128991164
2025-05-29 22:17:35.178,47.815067457116164
2025-05-29 22:17:35.311,48.172123121178664
2025-05-29 22:17:35.437,47.584354566491164
2025-05-29 22:17:35.573,47.556888746178664
2025-05-29 22:17:35.644,47.276737378991164
2025-05-29 22:17:35.772,47.172367261803664
2025-05-29 22:17:35.901,47.177860425866164
2025-05-29 22:17:36.037,47.067997144616164
2025-05-29 22:17:36.132,47.078983472741164
2025-05-29 22:17:36.259,46.925174878991164
2025-05-29 22:17:36.347,46.793338941491164
2025-05-29 22:17:36.515,46.529667066491164
2025-05-29 22:17:36.610,46.425296949303664
2025-05-29 22:17:36.754,46.062748121178664
2025-05-29 22:17:36.820,45.930912183678664
2025-05-29 22:17:36.945,46.112186597741164
2025-05-29 22:17:37.040,45.799076246178664
2025-05-29 22:17:37.221,45.919925855553664
2025-05-29 22:17:37.287,45.843021558678664
2025-05-29 22:17:37.412,45.645267652428664
2025-05-29 22:17:37.561,45.996830152428664
2025-05-29 22:17:37.692,45.826542066491164
2025-05-29 22:17:37.784,45.562870191491164
2025-05-29 22:17:37.917,45.161869214928664
2025-05-29 22:17:38.017,44.848758863366164
2025-05-29 22:17:38.145,44.541141675866164
2025-05-29 22:17:38.244,44.645511793053664
2025-05-29 22:17:38.373,44.502689527428664
2025-05-29 22:17:38.434,44.623539136803664
2025-05-29 22:17:38.562,44.892704175866164
2025-05-29 22:17:38.697,44.837772535241164
2025-05-29 22:17:38.823,44.508182691491164
2025-05-29 22:17:38.886,44.458744214928664
2025-05-29 22:17:39.053,44.744388746178664
2025-05-29 22:17:39.204,44.458744214928664
2025-05-29 22:17:39.337,44.865238355553664
2025-05-29 22:17:39.432,44.898197339928664
2025-05-29 22:17:39.568,45.518924878991164
2025-05-29 22:17:39.632,45.387088941491164
2025-05-29 22:17:39.791,45.172855543053664
2025-05-29 22:17:39.902,44.645511793053664
2025-05-29 22:17:40.003,44.760868238366164
2025-05-29 22:17:40.093,44.513675855553664
2025-05-29 22:17:40.223,43.689701246178664
2025-05-29 22:17:40.352,43.480961011803664
2025-05-29 22:17:40.498,43.074466871178664
2025-05-29 22:17:40.564,42.838260816491164
2025-05-29 22:17:40.697,42.365848707116164
2025-05-29 22:17:40.820,42.195560621178664
2025-05-29 22:17:40.952,42.382328199303664
2025-05-29 22:17:41.049,41.475956128991164
2025-05-29 22:17:41.172,42.058231519616164
2025-05-29 22:17:41.235,42.129642652428664
2025-05-29 22:17:41.403,41.981327222741164
2025-05-29 22:17:41.497,41.750614332116164
2025-05-29 22:17:41.626,41.289188550866164
2025-05-29 22:17:41.694,41.404544996178664
2025-05-29 22:17:41.820,41.129886793053664
2025-05-29 22:17:41.945,41.514408277428664
2025-05-29 22:17:42.082,41.074955152428664
2025-05-29 22:17:42.145,41.338627027428664
2025-05-29 22:17:42.302,41.464969800866164
2025-05-29 22:17:42.411,42.030765699303664
2025-05-29 22:17:42.550,41.734134839928664
2025-05-29 22:17:42.649,42.058231519616164
2025-05-29 22:17:42.781,41.887943433678664
2025-05-29 22:17:42.848,41.569339918053664
2025-05-29 22:17:43.002,41.607792066491164
2025-05-29 22:17:43.096,41.767093824303664
2025-05-29 22:17:43.233,42.426273511803664
2025-05-29 22:17:43.307,43.409549878991164
2025-05-29 22:17:43.436,44.420292066491164
2025-05-29 22:17:43.570,45.579349683678664
2025-05-29 22:17:43.700,46.677982496178664
2025-05-29 22:17:43.763,47.414066480553664
2025-05-29 22:17:43.899,48.589603589928664
2025-05-29 22:17:44.026,49.864017652428664
2025-05-29 22:17:44.154,51.286747144616164
2025-05-29 22:17:44.220,52.599613355553664
2025-05-29 22:17:44.385,54.192630933678664
2025-05-29 22:17:44.447,54.780399488366164
2025-05-29 22:17:44.631,55.538456128991164
2025-05-29 22:17:44.743,55.879032300866164
2025-05-29 22:17:44.870,56.186649488366164
2025-05-29 22:17:44.968,56.323978589928664
2025-05-29 22:17:45.071,56.746952222741164
2025-05-29 22:17:45.198,56.697513746178664
2025-05-29 22:17:45.293,56.659061597741164
2025-05-29 22:17:45.392,56.966678785241164
2025-05-29 22:17:45.520,56.845829175866164
2025-05-29 22:17:45.645,57.235843824303664
2025-05-29 22:17:45.746,57.032596753991164
2025-05-29 22:17:45.906,57.576419996178664
2025-05-29 22:17:46.015,57.510502027428664
2025-05-29 22:17:46.083,57.680790113366164
2025-05-29 22:17:46.214,57.609378980553664
2025-05-29 22:17:46.337,57.829105543053664
2025-05-29 22:17:46.471,58.394901441491164
2025-05-29 22:17:46.569,58.515751050866164
2025-05-29 22:17:46.666,56.433841871178664
2025-05-29 22:17:46.795,57.543461011803664
2025-05-29 22:17:46.946,56.576664136803664
2025-05-29 22:17:47.041,57.510502027428664
2025-05-29 22:17:47.133,56.917240308678664
2025-05-29 22:17:47.231,57.071048902428664
2025-05-29 22:17:47.391,56.010868238366164
2025-05-29 22:17:47.453,56.071293043053664
2025-05-29 22:17:47.615,56.159183668053664
2025-05-29 22:17:47.684,55.697757886803664
2025-05-29 22:17:47.809,55.851566480553664
2025-05-29 22:17:47.938,55.230838941491164
2025-05-29 22:17:48.070,55.401127027428664
2025-05-29 22:17:48.134,54.450809644616164
2025-05-29 22:17:48.257,54.659549878991164
2025-05-29 22:17:48.364,53.824588941491164
2025-05-29 22:17:48.540,54.324466871178664
2025-05-29 22:17:48.634,52.868778394616164
2025-05-29 22:17:48.748,53.824588941491164
2025-05-29 22:17:48.882,51.945926832116164
2025-05-29 22:17:49.004,53.077518628991164
2025-05-29 22:17:49.100,51.017582105553664
2025-05-29 22:17:49.231,52.127201246178664
2025-05-29 22:17:49.299,51.330692457116164
2025-05-29 22:17:49.424,50.039798902428664
2025-05-29 22:17:49.557,50.907718824303664
2025-05-29 22:17:49.683,49.342167066491164
2025-05-29 22:17:49.747,50.243045972741164
2025-05-29 22:17:49.878,48.715946363366164
2025-05-29 22:17:50.014,49.215824293053664
2025-05-29 22:17:50.139,48.150150464928664
2025-05-29 22:17:50.242,48.726932691491164
2025-05-29 22:17:50.339,47.727176832116164
2025-05-29 22:17:50.464,47.106449293053664
2025-05-29 22:17:50.595,47.122928785241164
2025-05-29 22:17:50.713,46.842777418053664
2025-05-29 22:17:50.806,47.188846753991164
2025-05-29 22:17:50.901,47.848026441491164
2025-05-29 22:17:51.037,47.804081128991164
2025-05-29 22:17:51.165,47.666752027428664
2025-05-29 22:17:51.287,47.315189527428664
2025-05-29 22:17:51.355,47.666752027428664
2025-05-29 22:17:51.501,47.381107496178664
2025-05-29 22:17:51.598,47.331669019616164
2025-05-29 22:17:51.762,47.002079175866164
2025-05-29 22:17:51.858,46.925174878991164
2025-05-29 22:17:51.952,46.282474683678664
2025-05-29 22:17:52.048,45.766117261803664
2025-05-29 22:17:52.231,44.749881910241164
2025-05-29 22:17:52.330,44.134647535241164
2025-05-29 22:17:52.454,44.634525464928664
2025-05-29 22:17:52.520,44.832279371178664
2025-05-29 22:17:52.660,45.376102613366164
2025-05-29 22:17:52.787,45.062992261803664
2025-05-29 22:17:52.913,45.156376050866164
2025-05-29 22:17:52.982,44.733402418053664
2025-05-29 22:17:53.109,44.107181714928664
2025-05-29 22:17:53.234,43.953373121178664
2025-05-29 22:17:53.369,44.024784253991164
2025-05-29 22:17:53.466,43.568851636803664
2025-05-29 22:17:53.588,43.535892652428664
2025-05-29 22:17:53.688,44.173099683678664
2025-05-29 22:17:53.816,44.107181714928664
2025-05-29 22:17:53.909,44.173099683678664
2025-05-29 22:17:54.041,42.475711988366164
2025-05-29 22:17:54.142,42.613041089928664
2025-05-29 22:17:54.249,42.376835035241164
2025-05-29 22:17:54.379,42.393314527428664
2025-05-29 22:17:54.514,42.514164136803664
2025-05-29 22:17:54.577,42.662479566491164
2025-05-29 22:17:54.701,44.255497144616164
2025-05-29 22:17:54.832,43.228275464928664
2025-05-29 22:17:54.963,43.794071363366164
2025-05-29 22:17:55.064,42.777836011803664
2025-05-29 22:17:55.201,43.255741285241164
2025-05-29 22:17:55.312,43.398563550866164
2025-05-29 22:17:55.440,44.458744214928664
2025-05-29 22:17:55.535,44.661991285241164
2025-05-29 22:17:55.671,45.167362378991164
2025-05-29 22:17:55.734,45.288211988366164
2025-05-29 22:17:55.858,45.194828199303664
2025-05-29 22:17:55.993,45.826542066491164
2025-05-29 22:17:56.119,46.002323316491164
2025-05-29 22:17:56.181,46.200077222741164
2025-05-29 22:17:56.308,46.947147535241164
2025-05-29 22:17:56.408,47.210819410241164
2025-05-29 22:17:56.563,48.221561597741164
2025-05-29 22:17:56.660,49.034549878991164
2025-05-29 22:17:56.792,49.616825269616164
2025-05-29 22:17:56.853,50.089237378991164
2025-05-29 22:17:57.026,50.863773511803664
2025-05-29 22:17:57.129,51.237308668053664
2025-05-29 22:17:57.254,51.577884839928664
2025-05-29 22:17:57.318,51.775638746178664
2025-05-29 22:17:57.448,51.160404371178664
2025-05-29 22:17:57.578,51.231815503991164
2025-05-29 22:17:57.704,50.627567457116164
2025-05-29 22:17:57.805,50.512211011803664
2025-05-29 22:17:57.902,50.171634839928664
2025-05-29 22:17:58.031,50.006839918053664
2025-05-29 22:17:58.159,49.864017652428664
2025-05-29 22:17:58.269,49.869510816491164
2025-05-29 22:17:58.406,49.918949293053664
2025-05-29 22:17:58.466,49.853031324303664
2025-05-29 22:17:58.628,49.781620191491164
2025-05-29 22:17:58.727,49.858524488366164
2025-05-29 22:17:58.853,49.864017652428664
2025-05-29 22:17:58.916,49.913456128991164
2025-05-29 22:17:59.052,50.034305738366164
2025-05-29 22:17:59.181,50.523197339928664
2025-05-29 22:17:59.315,51.121952222741164
2025-05-29 22:17:59.382,51.281253980553664
2025-05-29 22:17:59.530,51.198856519616164
2025-05-29 22:17:59.656,50.990116285241164
2025-05-29 22:17:59.791,50.682499097741164
2025-05-29 22:17:59.888,50.484745191491164
2025-05-29 22:18:00.017,50.506717847741164
2025-05-29 22:18:00.080,50.687992261803664
2025-05-29 22:18:00.246,50.786869214928664
2025-05-29 22:18:00.339,50.797855543053664
2025-05-29 22:18:00.474,50.786869214928664
2025-05-29 22:18:00.547,50.704471753991164
2025-05-29 22:18:00.699,50.424320386803664
2025-05-29 22:18:00.824,50.369388746178664
2025-05-29 22:18:00.953,50.363895582116164
2025-05-29 22:18:01.040,50.380375074303664
2025-05-29 22:18:01.173,50.248539136803664
2025-05-29 22:18:01.265,50.045292066491164
2025-05-29 22:18:01.430,49.781620191491164
2025-05-29 22:18:01.525,49.671756910241164
2025-05-29 22:18:01.649,50.017826246178664
2025-05-29 22:18:01.713,50.177128003991164
2025-05-29 22:18:01.888,50.391361402428664
2025-05-29 22:18:01.985,50.254032300866164
2025-05-29 22:18:02.112,50.352909253991164
2025-05-29 22:18:02.180,50.479252027428664
2025-05-29 22:18:02.308,50.572635816491164
2025-05-29 22:18:02.432,51.292240308678664
2025-05-29 22:18:02.533,51.413089918053664
2025-05-29 22:18:02.635,51.808597730553664
2025-05-29 22:18:02.760,51.978885816491164
2025-05-29 22:18:02.855,51.962406324303664
2025-05-29 22:18:03.045,51.539432691491164
2025-05-29 22:18:03.141,50.814335035241164
2025-05-29 22:18:03.264,50.418827222741164
2025-05-29 22:18:03.332,50.270511793053664
2025-05-29 22:18:03.463,49.545414136803664
2025-05-29 22:18:03.587,49.248783277428664
2025-05-29 22:18:03.720,48.737919019616164
2025-05-29 22:18:03.787,48.650028394616164
2025-05-29 22:18:03.944,48.567630933678664
2025-05-29 22:18:04.046,47.337162183678664
2025-05-29 22:18:04.178,47.743656324303664
2025-05-29 22:18:04.277,47.183353589928664
2025-05-29 22:18:04.378,47.859012769616164
2025-05-29 22:18:04.486,47.891971753991164
2025-05-29 22:18:04.646,47.749149488366164
2025-05-29 22:18:04.741,47.699711011803664
2025-05-29 22:18:04.838,46.914188550866164
2025-05-29 22:18:04.939,47.040531324303664
2025-05-29 22:18:05.064,46.870243238366164
2025-05-29 22:18:05.191,46.831791089928664
2025-05-29 22:18:05.336,46.645023511803664
2025-05-29 22:18:05.409,46.754886793053664
2025-05-29 22:18:05.535,46.771366285241164
2025-05-29 22:18:05.631,46.502201246178664
2025-05-29 22:18:05.764,46.364872144616164
2025-05-29 22:18:05.899,46.013309644616164
2025-05-29 22:18:05.996,46.117679761803664
2025-05-29 22:18:06.130,45.875980543053664
2025-05-29 22:18:06.263,46.194584058678664
2025-05-29 22:18:06.376,46.062748121178664
2025-05-29 22:18:06.509,45.969364332116164
2025-05-29 22:18:06.574,46.128666089928664
2025-05-29 22:18:06.733,46.134159253991164
2025-05-29 22:18:06.830,46.167118238366164
2025-05-29 22:18:06.964,46.084720777428664
2025-05-29 22:18:07.041,46.216556714928664
2025-05-29 22:18:07.165,46.007816480553664
2025-05-29 22:18:07.305,46.073734449303664
2025-05-29 22:18:07.436,46.320926832116164
2025-05-29 22:18:07.531,46.298954175866164
2025-05-29 22:18:07.628,46.683475660241164
2025-05-29 22:18:07.773,46.441776441491164
2025-05-29 22:18:07.900,46.331913160241164
2025-05-29 22:18:07.995,46.309940503991164
2025-05-29 22:18:08.091,45.524418043053664
2025-05-29 22:18:08.206,45.442020582116164
2025-05-29 22:18:08.341,44.909183668053664
2025-05-29 22:18:08.466,45.310184644616164
2025-05-29 22:18:08.600,45.529911207116164
2025-05-29 22:18:08.669,46.529667066491164
2025-05-29 22:18:08.793,47.842533277428664
2025-05-29 22:18:08.921,47.710697339928664
2025-05-29 22:18:09.055,47.886478589928664
2025-05-29 22:18:09.152,47.304203199303664
2025-05-29 22:18:09.246,47.320682691491164
2025-05-29 22:18:09.384,47.309696363366164
2025-05-29 22:18:09.479,47.474491285241164
2025-05-29 22:18:09.620,47.688724683678664
2025-05-29 22:18:09.754,47.309696363366164
2025-05-29 22:18:09.820,47.326175855553664
2025-05-29 22:18:09.944,46.815311597741164
2025-05-29 22:18:10.072,47.024051832116164
2025-05-29 22:18:10.206,46.848270582116164
2025-05-29 22:18:10.269,46.848270582116164
2025-05-29 22:18:10.394,47.057010816491164
2025-05-29 22:18:10.544,47.002079175866164
2025-05-29 22:18:10.710,47.595340894616164
2025-05-29 22:18:10.807,47.111942457116164
2025-05-29 22:18:10.931,46.705448316491164
2025-05-29 22:18:11.025,45.562870191491164
2025-05-29 22:18:11.171,44.508182691491164
2025-05-29 22:18:11.268,42.777836011803664
2025-05-29 22:18:11.363,39.421512769616164
2025-05-29 22:18:11.467,36.411258863366164
2025-05-29 22:18:11.600,33.406498121178664
2025-05-29 22:18:11.729,28.347294019616164
2025-05-29 22:18:11.856,24.903080152428664
2025-05-29 22:18:11.926,20.486576246178664
2025-05-29 22:18:12.071,20.744754957116164
2025-05-29 22:18:12.194,19.679081128991164
2025-05-29 22:18:12.293,21.491825269616164
2025-05-29 22:18:12.420,21.876346753991164
2025-05-29 22:18:12.545,20.387699293053664
2025-05-29 22:18:12.647,17.201664136803664
2025-05-29 22:18:12.786,11.873294996178664
2025-05-29 22:18:15.162,-10.555293871008836
2025-05-29 22:18:15.304,-11.033199144446336
2025-05-29 22:18:18.389,-10.143306566321336
2025-05-29 22:18:18.525,-10.945308519446336
2025-05-29 22:18:18.651,-11.571529222571336
2025-05-29 22:18:18.779,-11.857173753821336
2025-05-29 22:18:18.880,-12.043941331946336
2025-05-29 22:18:18.978,-11.763789964758836
2025-05-29 22:18:19.070,-10.165279222571336
